Date,VEC_GG_Trend,LLT_Trend,Difference
01-Jul-1954,8.68684785384517,-0.061515855042062,8.74836370888723
01-Aug-1954,9.77270383557582,0.0632081645320784,9.70949567104374
01-Sep-1954,9.77270383557582,0.199155171071114,9.57354866450471
01-Oct-1954,8.68684785384517,-0.00704019533924134,8.69388804918441
01-Nov-1954,8.68684785384517,-0.108228136574647,8.79507599041982
01-Dec-1954,9.77270383557582,-0.0909489633957973,9.86365279897162
01-Jan-1955,8.68684785384517,0.076019351703487,8.61082850214168
01-Feb-1955,8.68684785384517,0.0833429834213437,8.60350487042383
01-Mar-1955,8.68684785384517,-0.0801209915734716,8.76696884541864
01-Apr-1955,8.68684785384517,0.15005122382653,8.53679663001864
01-May-1955,8.68684785384517,0.202922802690513,8.48392505115466
01-Jun-1955,8.68684785384517,0.162944317559734,8.52390353628544
01-Jul-1955,9.2297758447105,0.157272603617989,9.07250324109251
01-Aug-1955,9.2297758447105,0.717221997769718,8.51255384694078
01-Sep-1955,9.91422586651526,1.34340596338415,8.57081990313111
01-Oct-1955,8.68684785384517,0.596290203528322,8.09055765031685
01-Nov-1955,8.68684785384517,0.127222637161172,8.559625216684
01-Dec-1955,8.68684785384517,0.0487131537905777,8.63813470005459
01-Jan-1956,8.68684785384517,0.358204598076368,8.3286432557688
01-Feb-1956,8.68684785384517,0.192616240832358,8.49423161301281
01-Mar-1956,8.68684785384517,-0.0821769792074857,8.76902483305266
01-Apr-1956,8.68684785384517,0.155378601089947,8.53146925275522
01-May-1956,8.14391986297985,-0.00909315433022347,8.15301301731007
01-Jun-1956,6.51513589038388,-0.133019347633892,6.64815523801777
01-Jul-1956,6.51513589038388,-0.343757881631475,6.85889377201535
01-Aug-1956,6.51513589038388,0.105244375460803,6.40989151492308
01-Sep-1956,6.51513589038388,0.498627662970996,6.01650822741288
01-Oct-1956,6.51513589038388,0.0420884436364466,6.47304744674743
01-Nov-1956,6.51513589038388,-0.167031122547005,6.68216701293089
01-Dec-1956,6.51513589038388,-0.223085966083729,6.73822185646761
01-Jan-1957,6.51513589038388,0.0858406404593983,6.42929524992448
01-Feb-1957,8.68684785384517,-0.0426554981736109,8.72950335201878
01-Mar-1957,8.68684785384517,-0.123849646573685,8.81069750041886
01-Apr-1957,8.68684785384517,0.439355210364777,8.24749264348039
01-May-1957,8.68684785384517,0.469505173363083,8.21734268048209
01-Jun-1957,9.77270383557582,0.255273302905755,9.51743053267007
01-Jul-1957,8.68684785384517,-0.00704107341872648,8.6938889272639
01-Aug-1957,9.77270383557582,1.01652005610185,8.75618377947397
01-Sep-1957,11.8852348500136,2.0007705548605,9.8844642951531
01-Oct-1957,15.6578470992176,1.05402669930668,14.6038203999109
01-Nov-1957,10.8585598173065,0.570372009019822,10.2881878082867
01-Dec-1957,9.77270383557582,0.517378336172936,9.25532549940288
01-Jan-1958,13.1433411956345,0.979483160104498,12.16385803553
01-Feb-1958,10.8585598173065,0.409117228920486,10.449442588386
01-Mar-1958,11.0296723227577,0.43497783230775,10.5946944904499
01-Apr-1958,11.2007848282088,1.06298111647731,10.1378037117315
01-May-1958,10.8585598173065,0.734477415872635,10.1240824014339
01-Jun-1958,10.8585598173065,0.351533301968035,10.5070265153385
01-Jul-1958,10.8585598173065,-0.195264892132543,11.053824709439
01-Aug-1958,11.0296723227577,0.474647969761487,10.5550243529962
01-Sep-1958,10.8585598173065,0.503864563348024,10.3546952539585
01-Oct-1958,10.8585598173065,0.0159499053095504,10.8426099119969
01-Nov-1958,10.8585598173065,-0.0385587349061057,10.8971185522126
01-Dec-1958,10.8585598173065,0.0442329444340072,10.8143268728725
01-Jan-1959,10.8585598173065,0.425355287434013,10.4332045298725
01-Feb-1959,8.68684785384517,-0.360297842606438,9.04714569645161
01-Mar-1959,8.68684785384517,-0.374197178970816,9.06104503281599
01-Apr-1959,10.8585598173065,0.195615221892105,10.6629445954144
01-May-1959,10.8585598173065,0.388018757279743,10.4705410600268
01-Jun-1959,13.0302717807678,0.161051847740174,12.8692199330276
01-Jul-1959,13.0302717807678,-0.47784915257271,13.5081209333405
01-Aug-1959,13.0302717807678,0.228903559925432,12.8013682208424
01-Sep-1959,11.9444157990371,0.140715734523519,11.8037000645136
01-Oct-1959,11.9444157990371,-0.107228168617255,12.0516439676544
01-Nov-1959,13.0302717807678,0.039060594568505,12.9912111861993
01-Dec-1959,13.201384286219,0.53615588026556,12.6652284059534
01-Jan-1960,10.8585598173065,1.16976952737134,9.68879028993516
01-Feb-1960,10.8585598173065,0.0126139572376665,10.8459458600688
01-Mar-1960,10.8585598173065,0.221933608207894,10.6366262090986
01-Apr-1960,10.8585598173065,1.44080846288483,9.41775135442167
01-May-1960,13.1422033371955,2.37722788074011,10.7649754564554
01-Jun-1960,13.0302717807678,1.78129936442835,11.2489724163395
01-Jul-1960,13.0302717807678,0.806316933013142,12.2239548477547
01-Aug-1960,13.7147218025725,1.83239568606818,11.8823261165043
01-Sep-1960,10.8585598173065,1.21413661614753,9.64442320115897
01-Oct-1960,11.9444157990371,0.244106157527371,11.7003096415097
01-Nov-1960,11.9444157990371,0.384688933097091,11.55972686594
01-Dec-1960,13.0302717807678,1.32514271160044,11.7051290691674
01-Jan-1961,13.7147218025725,2.52341522576125,11.1913065768113
01-Feb-1961,10.8585598173065,1.08967771324111,9.76888210406539
01-Mar-1961,11.2007848282088,1.09446515270443,10.1063196755044
01-Apr-1961,9.37129787564994,1.47289341239134,7.8984044632586
01-May-1961,8.68684785384517,1.0953243838962,7.59152346994897
01-Jun-1961,8.68684785384517,0.967278073487871,7.7195697803573
01-Jul-1961,11.0296723227577,0.275779257929254,10.7538930648284
01-Aug-1961,11.9444157990371,1.38353038171502,10.5608854173221
01-Sep-1961,13.0302717807678,0.886522364116798,12.143749416651
01-Oct-1961,12.1155283044883,0.00365033216920342,12.1118779723191
01-Nov-1961,13.0302717807678,0.100523106780711,12.9297486739871
01-Dec-1961,10.8585598173065,0.925005236950105,9.93355458035639
01-Jan-1962,14.0569468134749,2.78012041881273,11.2768263946622
01-Feb-1962,8.68684785384517,1.12747138440049,7.55937646944468
01-Mar-1962,13.0302717807678,0.42329633501208,12.6069754457557
01-Apr-1962,8.68684785384517,0.651393998143518,8.03545385570165
01-May-1962,8.68684785384517,0.668877889235658,8.01796996460951
01-Jun-1962,10.8585598173065,1.07732274450472,9.78123707280178
01-Jul-1962,11.0296723227577,1.15927455385817,9.87039776889953
01-Aug-1962,11.37189733366,3.73025571164895,7.64164162201105
01-Sep-1962,12.5696848718184,4.11577676244962,8.45390810936878
01-Oct-1962,19.4293214899826,2.06454351515239,17.3647779748302
01-Nov-1962,13.0302717807678,1.48971885698589,11.5405529237819
01-Dec-1962,14.6300342080715,2.29715621316377,12.3328779949077
01-Jan-1963,14.3991718243773,4.95765838296909,9.44151344140821
01-Feb-1963,13.8858343080237,3.75937448400543,10.1264598240183
01-Mar-1963,11.8858037792331,2.91105596053591,8.97474781869719
01-Apr-1963,14.9142161283894,2.39706894178828,12.5171471866011
01-May-1963,13.0302717807678,1.74634351668825,11.2839282640795
01-Jun-1963,13.7147218025725,2.27279452677784,11.4419272757947
01-Jul-1963,10.4867443318923,1.70251469488612,8.78422963700618
01-Aug-1963,10.4571538573806,3.24518304295337,7.21197081442723
01-Sep-1963,10.1149288464782,2.13024017746061,7.98468866901759
01-Oct-1963,11.3724662628795,0.618835762925791,10.7536304999537
01-Nov-1963,13.0302717807678,0.243336985101629,12.7869347956662
01-Dec-1963,13.201384286219,0.367867507597935,12.8335167786211
01-Jan-1964,10.3156318264411,1.81276890352606,8.50286292291504
01-Feb-1964,14.0580846719139,1.3945816045528,12.6635030673611
01-Mar-1964,11.8852348500136,2.39981346797596,9.48542138203764
01-Apr-1964,11.0296723227577,1.88928657618982,9.14038574656788
01-May-1964,13.3724967916701,0.730901656180105,12.64159513549
01-Jun-1964,14.6300342080715,0.384898384099572,14.2451358239719
01-Jul-1964,14.6300342080715,-0.110337531135763,14.7403717392073
01-Aug-1964,13.0302717807678,1.38863294497909,11.6416388357887
01-Sep-1964,13.0302717807678,1.13336431331617,11.8969074674516
01-Oct-1964,13.0302717807678,0.617087080155477,12.4131847006123
01-Nov-1964,13.0302717807678,0.876676624767148,12.1535951560007
01-Dec-1964,13.201384286219,1.71895116126685,11.4824331249522
01-Jan-1965,13.8858343080237,3.95850210739845,9.92733220062525
01-Feb-1965,13.8858343080237,4.22374055325817,9.66209375476553
01-Mar-1965,15.8278217462298,5.52230875767823,10.3055129885516
01-Apr-1965,14.7413968352797,5.30354381913213,9.43785301614757
01-May-1965,13.201384286219,3.04121471762821,10.1601695685908
01-Jun-1965,15.3730962496802,2.10322990117969,13.2698663485005
01-Jul-1965,13.3724967916701,1.44542415764412,11.927072634026
01-Aug-1965,13.3724967916701,2.74163243744204,10.6308643542281
01-Sep-1965,13.0302717807678,1.92974251507648,11.1005292656913
01-Oct-1965,15.3730962496802,1.17483549817681,14.1982607515034
01-Nov-1965,13.201384286219,0.971166833829911,12.2302174523891
01-Dec-1965,13.201384286219,0.947237320644395,12.2541469655746
01-Jan-1966,16.2286587769362,2.26732196252892,13.9613368144073
01-Feb-1966,15.2019837442291,1.09904504857295,14.1029386956561
01-Mar-1966,15.2019837442291,1.29678065784195,13.9052030863872
01-Apr-1966,13.0302717807678,1.10447380411651,11.9257979766513
01-May-1966,13.201384286219,0.371534259623939,12.8298500265951
01-Jun-1966,15.2019837442291,-0.238840521047174,15.4408242652763
01-Jul-1966,15.2019837442291,-0.893717447318198,16.0957011915473
01-Aug-1966,15.2019837442291,0.602718512632059,14.599265231597
01-Sep-1966,13.0302717807678,0.637247121646339,12.3930246591215
01-Oct-1966,15.2019837442291,0.468499627958021,14.7334841162711
01-Nov-1966,15.2019837442291,-0.0221948613670155,15.2241786055961
01-Dec-1966,15.2019837442291,-0.656774753917382,15.8587584981465
01-Jan-1967,14.6590557533637,-0.104639400686257,14.76369515405
01-Feb-1967,14.6590557533637,-0.546209566853306,15.205265320217
01-Mar-1967,14.6590557533637,0.435595400508593,14.2234603528551
01-Apr-1967,13.5731997716331,0.759555314523649,12.8136444571095
01-May-1967,13.5731997716331,0.289308470964751,13.2838913006683
01-Jun-1967,13.5731997716331,-0.240422066400903,13.813621838034
01-Jul-1967,15.2019837442291,-1.08719671016653,16.2891804543956
01-Aug-1967,15.2019837442291,0.0460505549964365,15.1559331892327
01-Sep-1967,15.2019837442291,0.499492173867576,14.7024915703615
01-Oct-1967,15.2019837442291,0.662614973906959,14.5393687703221
01-Nov-1967,15.2019837442291,0.513384966119801,14.6885987781093
01-Dec-1967,15.2019837442291,0.269214378805368,14.9327693654237
01-Jan-1968,13.0302717807678,0.836227396074943,12.1940443846929
01-Feb-1968,14.6300342080715,1.05293339929954,13.577100808772
01-Mar-1968,14.2872402679496,3.64572471548452,10.6415155524651
01-Apr-1968,16.1102968788892,5.62666441307414,10.4836324658151
01-May-1968,13.0302717807678,3.74327759782535,9.28699418294245
01-Jun-1968,13.0302717807678,1.50750103941625,11.5227707413516
01-Jul-1968,13.201384286219,-0.225608339050337,13.4269926252693
01-Aug-1968,13.0302717807678,0.656943530889745,12.3733282498781
01-Sep-1968,15.2019837442291,0.794231938595198,14.4077518056339
01-Oct-1968,15.2019837442291,1.32834175876819,13.8736419854609
01-Nov-1968,15.2019837442291,0.558913744619645,14.6430699996095
01-Dec-1968,13.0302717807678,-0.372493314437009,13.4027650952048
01-Jan-1969,15.2019837442291,-0.0075967755605939,15.2095805197897
01-Feb-1969,14.1161277624984,-0.815101294856132,14.9312290573545
01-Mar-1969,13.0302717807678,0.331860382867114,12.6984113979007
01-Apr-1969,15.3730962496802,1.2299361069336,14.1431601427466
01-May-1969,13.3724967916701,2.90032075502772,10.4721760366424
01-Jun-1969,13.201384286219,2.43803401414495,10.763350272074
01-Jul-1969,13.201384286219,0.730096299291296,12.4712879869277
01-Aug-1969,13.3724967916701,1.7636779728281,11.608818818842
01-Sep-1969,13.201384286219,3.19671131410115,10.0046729721178
01-Oct-1969,17.7686713259969,6.1665310817227,11.6021402442742
01-Nov-1969,13.5436092971213,3.83735970942296,9.70624958769834
01-Dec-1969,13.0302717807678,2.65693839912953,10.3733333816383
01-Jan-1970,13.0302717807678,3.49482565207841,9.53544612868939
01-Feb-1970,15.8864337660338,2.64346107967215,13.2429726863617
01-Mar-1970,15.2019837442291,2.92677608629758,12.2752076579315
01-Apr-1970,13.5731997716331,4.32847728805221,9.24472248358089
01-May-1970,17.1369719115964,8.63692410834175,8.50004780325465
01-Jun-1970,13.3724967916701,6.29556102678044,7.07693576488966
01-Jul-1970,16.057546271485,2.57739629226381,13.4801499792212
01-Aug-1970,13.0302717807678,2.01782592436411,11.0124458564037
01-Sep-1970,15.2019837442291,2.07774308530723,13.1242406589219
01-Oct-1970,16.9438371316917,2.99286038124823,13.9509767504435
01-Nov-1970,13.9154247825355,1.44216041867365,12.4732643638618
01-Dec-1970,13.5731997716331,1.27214072908621,12.3010590425469
01-Jan-1971,15.3730962496802,2.83617649215441,12.5369197575258
01-Feb-1971,16.7419962932898,1.9475811436249,14.7944151496649
01-Mar-1971,15.2019837442291,1.28720756696699,13.9147761772621
01-Apr-1971,14.8301682588149,0.922637554482636,13.9075307043323
01-May-1971,15.2019837442291,2.88754842757033,12.3144353166588
01-Jun-1971,15.3730962496802,2.86878547320037,12.5043107764798
01-Jul-1971,13.201384286219,-0.0455874495790887,13.2469717357981
01-Aug-1971,14.8249193555635,1.23982740693871,13.5850919486248
01-Sep-1971,15.5442087551314,1.02295283144515,14.5212559236863
01-Oct-1971,15.2019837442291,1.89739482826046,13.3045889159686
01-Nov-1971,15.3730962496802,1.73549839497949,13.6375978547007
01-Dec-1971,15.3730962496802,2.95537385967712,12.4177223900031
01-Jan-1972,16.7419962932898,5.87783581628265,10.8641604770072
01-Feb-1972,15.2019837442291,2.35393325453345,12.8480504896957
01-Mar-1972,16.2286587769362,2.02697668223273,14.2016820947035
01-Apr-1972,15.7153212605826,1.79960443870768,13.9157168218749
01-May-1972,16.057546271485,4.08116202063323,11.9763842508518
01-Jun-1972,15.3730962496802,4.03830975040409,11.3347864992761
01-Jul-1972,15.2019837442291,0.524092842048721,14.6778909021804
01-Aug-1972,15.2019837442291,2.1871208971136,13.0148628471155
01-Sep-1972,15.8864337660338,1.13467067581389,14.7517630902199
01-Oct-1972,15.3730962496802,0.944976399661256,14.4281198500189
01-Nov-1972,15.2019837442291,-0.360156779324657,15.5621405235538
01-Dec-1972,15.2019837442291,0.87857450385509,14.323409240374
01-Jan-1973,16.057546271485,5.10452444156474,10.9530218299203
01-Feb-1973,16.8017461715328,1.13016320268704,15.6715829688458
01-Mar-1973,15.3730962496802,0.301282265979794,15.0718139837004
01-Apr-1973,15.2019837442291,-0.788354763009625,15.9903385072387
01-May-1973,15.3730962496802,0.94588169758416,14.427214552096
01-Jun-1973,18.5726211042877,2.50256333930116,16.0700577649865
01-Jul-1973,21.7721459588951,-0.425311371672773,22.1974573305679
01-Aug-1973,18.5726211042877,3.35694673233886,15.2156743719488
01-Sep-1973,15.2019837442291,3.17549142449465,12.0264923197344
01-Oct-1973,15.7153212605826,3.67934253345679,12.0359787271258
01-Nov-1973,15.3730962496802,3.46143758843595,11.9116586612442
01-Dec-1973,16.972858676984,7.52873679557954,9.44412188140446
01-Jan-1974,23.2442715004351,15.8671515233591,7.377119977076
01-Feb-1974,15.2019837442291,7.71241848583672,7.48956525839238
01-Mar-1974,15.2019837442291,3.98155570421365,11.2204280400155
01-Apr-1974,17.3736957076903,1.85106404512457,15.5226316625657
01-May-1974,17.7159207185927,3.78511771814862,13.9308030004441
01-Jun-1974,17.5448082131415,3.89481862649158,13.6499895866499
01-Jul-1974,19.82902066225,0.00987835425911809,19.8191423079909
01-Aug-1974,17.3736957076903,2.50937457805214,14.8643211296382
01-Sep-1974,18.3618246510652,0.279356914961115,18.0824677361041
01-Oct-1974,18.7310156848537,0.652186049986929,18.0788296348668
01-Nov-1974,19.5454076711516,-0.481947549020508,20.0273552201721
01-Dec-1974,16.7847090259301,-0.144391140324038,16.9291001662541
01-Jan-1975,17.5448082131415,4.04251774638434,13.5022904667572
01-Feb-1975,17.5448082131415,0.6829860154008,16.8618221977407
01-Mar-1975,19.1445706404453,0.868541380804795,18.2760292596405
01-Apr-1975,18.8017767003234,-0.170735955719454,18.9725126560429
01-May-1975,19.5454076711516,1.39121381079399,18.1541938603576
01-Jun-1975,21.8296201202601,2.59911248648884,19.2305076337713
01-Jul-1975,19.5454076711516,-0.619787369209847,20.1651950403614
01-Aug-1975,21.8882321400641,2.51960991588984,19.3686222241743
01-Sep-1975,22.8029756163436,1.23128166305678,21.5716939532868
01-Oct-1975,23.659107072819,1.76190580552979,21.8972012672892
01-Nov-1975,22.7449325257591,-0.28002498878649,23.0249575145456
01-Dec-1975,17.5448082131415,-0.579421554163383,18.1242297673049
01-Jan-1976,17.5448082131415,3.80861215180254,13.736196061339
01-Feb-1976,17.8870332240439,1.59316807253416,16.2938651515097
01-Mar-1976,20.0587451875052,2.85008298479372,17.2086622027115
01-Apr-1976,19.5454076711516,1.81286563472512,17.7325420364265
01-May-1976,22.0001636964918,3.46520399674946,18.5349596997423
01-Jun-1976,21.7171196346129,3.14500846188685,18.572111172726
01-Jul-1976,22.0593446455153,-0.765235548084176,22.8245801935995
01-Aug-1976,20.6312636528823,2.71489021561261,17.9163734372697
01-Sep-1976,21.315713674687,2.74124896805533,18.5744647066317
01-Oct-1976,19.887632682054,3.83928991550827,16.0483427665457
01-Nov-1976,19.7165201766028,2.09244184680115,17.6240783298016
01-Dec-1976,19.887632682054,1.23618965214848,18.6514430299055
01-Jan-1977,20.0587451875052,5.72310528940462,14.3356398981006
01-Feb-1977,21.2565327256636,3.65679550982886,17.5997372158347
01-Mar-1977,21.4868261801382,4.69993182750096,16.7868943526372
01-Apr-1977,22.2304571509665,3.48916084329511,18.7412963076714
01-May-1977,21.8882321400641,5.02572168153691,16.8625104585272
01-Jun-1977,24.3429881654043,6.04524223453752,18.2977459308668
01-Jul-1977,21.7171196346129,0.623712366991437,21.0934072676215
01-Aug-1977,26.1730440471827,3.89445589241307,22.2785881547696
01-Sep-1977,25.4880250961584,3.10987541333969,22.3781496828187
01-Oct-1977,25.6591376016096,5.17119085614798,20.4879467454616
01-Nov-1977,27.7728064744864,4.41110488675686,23.3617015877295
01-Dec-1977,25.5400541969337,3.39168382684989,22.1483703700838
01-Jan-1978,24.4998961527836,6.41871773268352,18.0811784201001
01-Feb-1978,26.6877155793136,1.14522420405457,25.542491375259
01-Mar-1978,26.875296301148,2.75320961181801,24.12208668933
01-Apr-1978,26.5738810778891,2.6164384008707,23.9574426770184
01-May-1978,26.8239887070016,4.97764305641219,21.8463456505894
01-Jun-1978,27.1763507710924,5.25345866065317,21.9228921104392
01-Jul-1978,22.439394239121,-1.02256040557373,23.4619546446947
01-Aug-1978,27.6649859628712,2.03639407846017,25.628591884411
01-Sep-1978,22.8112097245352,-0.0212172362082232,22.8324269607434
01-Oct-1978,26.0605435615355,1.29433477715789,24.7662087843776
01-Nov-1978,29.0032132720256,0.450202429784573,28.553010842241
01-Dec-1978,25.2000928843426,-0.478020690481741,25.6781135748243
01-Jan-1979,29.0032132720256,4.47836843971415,24.5248448323115
01-Feb-1979,29.231243028189,-1.43580915874385,30.6670521869328
01-Mar-1979,25.3981714126798,-0.248440570044473,25.6466119827243
01-Apr-1979,29.9587665359485,0.100211060974379,29.8585554749741
01-May-1979,29.535643456388,4.04006469085961,25.4955787655284
01-Jun-1979,29.1802961873571,6.56717554948128,22.6131206378758
01-Jul-1979,29.8584150459671,-0.487374901093871,30.345789947061
01-Aug-1979,28.8541786395235,3.83647421580977,25.0177044237137
01-Sep-1979,29.2503356961979,1.82844601291132,27.4218896832866
01-Oct-1979,29.3181115067275,4.49076297307821,24.8273485336493
01-Nov-1979,33.4289782808641,5.35225267014333,28.0767256107208
01-Dec-1979,26.1964559359091,5.40503786556522,20.7914180703439
01-Jan-1980,40.5521935210171,13.8113454454673,26.7408480755498
01-Feb-1980,43.474228371816,6.25213819224139,37.2220901795746
01-Mar-1980,41.6264694363016,4.7001251517793,36.9263442845223
01-Apr-1980,42.2427828942623,3.18724965087872,39.0555332433836
01-May-1980,43.4020243430884,7.28402116178138,36.118003181307
01-Jun-1980,45.2344965005875,10.9971239452978,34.2373725552897
01-Jul-1980,45.9889860312331,3.19752295079156,42.7914630804415
01-Aug-1980,58.0720596723167,9.34423665674337,48.7278230155733
01-Sep-1980,45.3210042258115,2.59742938030301,42.7235748455085
01-Oct-1980,45.0304475623699,1.46002703629768,43.5704205260722
01-Nov-1980,47.9596342614169,1.38435826515265,46.5752759962643
01-Dec-1980,47.0883250244067,4.92980254239145,42.1585224820153
01-Jan-1981,50.9793961505715,16.6435091327988,34.3358870177727
01-Feb-1981,50.0152480251425,5.35748706582985,44.6577609593126
01-Mar-1981,49.409793126999,3.98619426166721,45.4235988653318
01-Apr-1981,48.6332257234044,0.538024185039136,48.0952015383653
01-May-1981,50.1369558814441,3.6703066203563,46.4666492610878
01-Jun-1981,51.2063436467916,9.06611961487495,42.1402240319167
01-Jul-1981,55.8043590195203,2.27860839053727,53.525750628983
01-Aug-1981,52.2626091540105,14.3301601034198,37.9324490505907
01-Sep-1981,53.0687670321169,12.4761445459192,40.5926224861977
01-Oct-1981,61.7684974068234,14.8064003547164,46.962097052107
01-Nov-1981,55.9776796247871,18.8749405213551,37.102739103432
01-Dec-1981,56.1328928430746,32.0301565147763,24.1027363282983
01-Jan-1982,77.6299726934271,56.0888324152847,21.5411402781424
01-Feb-1982,53.2892841867176,31.2432431932131,22.0460409935045
01-Mar-1982,53.6019187231083,20.8927410743122,32.7091776487961
01-Apr-1982,51.7657398540401,13.2060797113219,38.5596601427182
01-May-1982,54.4376670757264,16.3249319619548,38.1127351137716
01-Jun-1982,52.0619061740475,16.3625581296339,35.6993480444136
01-Jul-1982,54.2079425504712,6.8563216747727,47.3516208756985
01-Aug-1982,53.4176839595285,18.0510724616025,35.366611497926
01-Sep-1982,53.632647056059,10.8846813784193,42.7479656776397
01-Oct-1982,51.3808021104974,11.6710518951758,39.7097502153216
01-Nov-1982,52.3614184523096,10.2273552972552,42.1340631550544
01-Dec-1982,49.3933249106159,15.568573577008,33.8247513336079
01-Jan-1983,55.2743985098634,30.9483984600045,24.3260000498589
01-Feb-1983,49.1499091980126,16.3177777820196,32.832131415993
01-Mar-1983,47.9330289918454,13.8340994512162,34.0989295406292
01-Apr-1983,48.6556643496679,10.9159195066288,37.7397448430391
01-May-1983,50.7767902256118,16.9365276288489,33.8402625967629
01-Jun-1983,49.4483392163313,16.6920844309595,32.7562547853718
01-Jul-1983,48.7964648739785,8.28454672022893,40.5119181537496
01-Aug-1983,48.3890885041722,19.3865834085396,29.0025050956326
01-Sep-1983,52.2539151140799,15.1145709593611,37.1393441547188
01-Oct-1983,48.2179759987211,12.4247119922493,35.7932640064718
01-Nov-1983,52.1723511372885,6.05062075253956,46.1217303847489
01-Dec-1983,49.4479784630169,9.51814573355476,39.9298327294621
01-Jan-1984,51.5013285284311,21.7235385145157,29.7777900139154
01-Feb-1984,45.7942534611505,13.1800187609948,32.6142347001557
01-Mar-1984,45.316476829189,17.8444016812754,27.4720751479136
01-Apr-1984,49.1216091593493,16.1075647029411,33.0140444564082
01-May-1984,47.0466945517098,20.4364984971862,26.6101960545236
01-Jun-1984,46.9433578567881,19.8601454925435,27.0832123642446
01-Jul-1984,48.0104819238244,13.8396097935285,34.1708721302959
01-Aug-1984,47.3586075814715,23.7227606116519,23.6358469698196
01-Sep-1984,46.2667811898605,19.0036539952733,27.2631271945872
01-Oct-1984,49.1049327670611,21.8839852755565,27.2209474915046
01-Nov-1984,45.7534436735069,14.0237883458809,31.729655327626
01-Dec-1984,45.8238439356622,15.2206593220329,30.6031846136293
01-Jan-1985,49.9466515295595,25.011337528813,24.9353140007465
01-Feb-1985,48.5803759375757,18.159095633615,30.4212803039607
01-Mar-1985,49.7699293675425,24.4442448425626,25.3256845249799
01-Apr-1985,47.9992626106926,19.0508885601871,28.9483740505055
01-May-1985,48.5882492924528,23.9879277133356,24.6003215791172
01-Jun-1985,49.1394113915098,23.2096521650736,25.9297592264362
01-Jul-1985,50.483969863859,19.6819774546865,30.8019924091725
01-Aug-1985,52.0185809322589,29.3146261117801,22.7039548204788
01-Sep-1985,48.0150093204469,24.0627334194598,23.9522759009871
01-Oct-1985,54.1016740495943,31.6999065594293,22.401767490165
01-Nov-1985,49.3895190206223,24.9761352501803,24.413383770442
01-Dec-1985,52.2901975051009,25.5569224409444,26.7332750641565
01-Jan-1986,51.257191309199,26.0778358652845,25.1793554439145
01-Feb-1986,44.4174800626638,13.6598512825871,30.7576287800767
01-Mar-1986,250.069960060997,18.8674613896351,231.202498671362
01-Apr-1986,46.4711908813925,13.8605382707157,32.6106526106768
01-May-1986,45.9275413838983,17.4004289625559,28.5271124213424
01-Jun-1986,46.1584037675925,11.9968953739565,34.161508393636
01-Jul-1986,45.6583410867769,7.34521146764411,38.3131296191328
01-Aug-1986,48.9175602211317,17.0791742889824,31.8383859321493
01-Sep-1986,46.5569770999876,11.4460044857842,35.1109726142034
01-Oct-1986,47.1953684308974,18.0255289767908,29.1698394541066
01-Nov-1986,87.411849213088,12.4921018074289,74.9197474056591
01-Dec-1986,48.5665321728182,16.0379237248008,32.5286084480174
01-Jan-1987,48.7623470028442,21.4126721424382,27.349674860406
01-Feb-1987,46.7336992620047,13.2513389824897,33.482360279515
01-Mar-1987,48.1460335448835,20.63883531778,27.5071982271035
01-Apr-1987,46.5655719614937,16.2204952381537,30.34507672334
01-May-1987,49.6751875341269,24.9358068673076,24.7393806668193
01-Jun-1987,48.9692285685925,20.6485724515854,28.3206561170071
01-Jul-1987,46.7258259071276,13.6300736797686,33.095752227359
01-Aug-1987,46.2476885218516,21.0102026984074,25.2374858234442
01-Sep-1987,47.6192130170869,16.8945455566252,30.7246674604617
01-Oct-1987,48.4174975403161,26.7567635899322,21.6607339503839
01-Nov-1987,49.5523974178819,22.6997988348391,26.8525985830428
01-Dec-1987,50.4757357556674,28.9937611160763,21.4819746395911
01-Jan-1988,51.2770054838368,38.37438855757,12.9026169262668
01-Feb-1988,53.9930884514213,33.5486662143703,20.444422237051
01-Mar-1988,54.1095474044715,40.6055311747287,13.5040162297428
01-Apr-1988,52.7837208468167,34.0482509194332,18.7354699273835
01-May-1988,55.578438184748,44.577637291427,11.000800893321
01-Jun-1988,58.5360895184345,42.1269250002027,16.4091645182318
01-Jul-1988,51.7267338329689,34.1528607100658,17.5738731229031
01-Aug-1988,55.1272668223581,43.2755394904488,11.8517273319093
01-Sep-1988,53.0371744341838,37.3073691267136,15.7298053074702
01-Oct-1988,53.5100629162084,43.3967490098055,10.1133139064029
01-Nov-1988,48.8084056937391,32.9915589017828,15.8168467919563
01-Dec-1988,51.6959619200893,40.9887414346224,10.7072204854669
01-Jan-1989,58.7816697509245,51.0759633826939,7.7057063682306
01-Feb-1989,53.1618674954256,40.3138890412098,12.8479784542158
01-Mar-1989,51.170683583975,44.7220371992821,6.4486463846929
01-Apr-1989,55.2934911778723,37.4985268264557,17.7949643514166
01-May-1989,56.1273365854937,46.9847684650291,9.1425681204646
01-Jun-1989,54.6468657387709,43.5150708445125,11.1317948942584
01-Jul-1989,55.4889452545838,36.3493054117897,19.1396398427941
01-Aug-1989,52.1535636240985,42.6094688353091,9.5440947887894
01-Sep-1989,53.9137881729411,32.0088279859064,21.9049601870347
01-Oct-1989,51.3635132090608,42.3371885508379,9.0263246582229
01-Nov-1989,53.6067076946207,37.6712764583362,15.9354312362845
01-Dec-1989,51.9146753081177,47.7586237618318,4.1560515462859
01-Jan-1990,62.5154165379,66.3384648958773,-3.82304835797729
01-Feb-1990,57.7976518523621,63.595998673481,-5.7983468211189
01-Mar-1990,65.158114038389,76.7940627214009,-11.6359486830119
01-Apr-1990,66.5047422512219,62.5276832981986,3.9770589530233
01-May-1990,64.8805270556666,69.5863165519318,-4.7057894962652
01-Jun-1990,59.7657312294159,61.5112195556523,-1.7454883262364
01-Jul-1990,61.7425024468895,53.4152013397753,8.3273011071142
01-Aug-1990,58.9067671454097,62.0999635412249,-3.1931963958152
01-Sep-1990,59.3414702914164,51.4731817354428,7.8682885559736
01-Oct-1990,60.3378333429829,63.3312312729173,-2.9933979299344
01-Nov-1990,59.5667230185447,56.3373536265502,3.2293693919945
01-Dec-1990,57.0571052648985,67.5917218287814,-10.5346165638829
01-Jan-1991,71.663681804804,88.914606303098,-17.250924498294
01-Feb-1991,74.3749878194428,90.3659471663679,-15.9909593469251
01-Mar-1991,77.0259608085416,105.934451700688,-28.9084908921464
01-Apr-1991,64.7675132392955,84.6053881601035,-19.837874920808
01-May-1991,75.1291165967739,87.6077808579575,-12.4786642611836
01-Jun-1991,61.1476979326583,82.1959938195727,-21.0482958869144
01-Jul-1991,67.5357778850647,78.2816165656177,-10.745838680553
01-Aug-1991,64.8380660788602,80.4758712328905,-15.6378051540303
01-Sep-1991,62.5125305113843,56.9388783408457,5.5736521705386
01-Oct-1991,59.5710422392622,60.0376031979894,-0.4665609587272
01-Nov-1991,64.3324493399743,49.1088442559488,15.2236050840255
01-Dec-1991,62.8231095253688,48.6598440312297,14.1632654941391
01-Jan-1992,54.4125048194127,45.4697481295504,8.9427566898623
01-Feb-1992,49.1453818013901,29.0350208287555,20.1103609726346
01-Mar-1992,50.8484809236155,37.9502172195488,12.8982637040667
01-Apr-1992,48.5511462163784,25.6654526321655,22.8856935842129
01-May-1992,53.2478183099969,32.2448807905873,21.0029375194096
01-Jun-1992,41.0063500883472,28.8998789381879,12.1064711501593
01-Jul-1992,42.5148692178994,23.8580979455957,18.6567712723037
01-Aug-1992,41.0123204982276,32.7109118581617,8.3014086400659
01-Sep-1992,44.8742175016907,18.5561886559486,26.3180288457421
01-Oct-1992,43.2606113096295,27.6169816635049,15.6436296461246
01-Nov-1992,40.8408472394619,19.4949195304448,21.3459277090171
01-Dec-1992,42.2283266203565,21.6530853142061,20.5752413061504
01-Jan-1993,45.3033109911315,28.3524625696392,16.9508484214923
01-Feb-1993,45.6096143643274,14.9942062427963,30.6154081215311
01-Mar-1993,45.0990538770089,26.0732497953622,19.0258040816467
01-Apr-1993,42.923066272759,13.9942805512173,28.9287857215417
01-May-1993,44.2051534363258,22.6857958606061,21.5193575757197
01-Jun-1993,43.4933210398249,22.8244008949632,20.6689201448617
01-Jul-1993,42.2906453517296,14.2668109309962,28.0238344207334
01-Aug-1993,40.9868966670239,23.9580799054988,17.0288167615251
01-Sep-1993,41.7528136867062,7.19144254273849,34.5613711439677
01-Oct-1993,42.6518104532314,19.1738349526371,23.4779755005943
01-Nov-1993,43.3714606061138,15.8198917922125,27.5515688139013
01-Dec-1993,46.5267741163275,24.0967701150069,22.4300040013206
01-Jan-1994,44.5147471692806,35.5309916441467,8.98375552513389
01-Feb-1994,45.6498552227514,16.7546326655598,28.8952225571916
01-Mar-1994,44.4028156128529,26.3257937680201,18.0770218448328
01-Apr-1994,45.2280661589682,13.9664179475765,31.2616482113917
01-May-1994,44.8338120472905,25.5787025913096,19.2551094559809
01-Jun-1994,49.9311129957103,27.5607004976479,22.3704124980624
01-Jul-1994,47.095016940916,17.9481179591916,29.1468989817244
01-Aug-1994,49.6665926726208,34.0122843876959,15.6543082849249
01-Sep-1994,54.9788567175711,14.1080461306423,40.8708105869288
01-Oct-1994,51.594375592755,22.5446206018937,29.0497549908613
01-Nov-1994,53.991492860754,15.1274566027452,38.8640362580088
01-Dec-1994,58.2059045057173,25.2783548083492,32.9275496973681
01-Jan-1995,54.3342312023803,41.3917543427801,12.9424768596002
01-Feb-1995,51.7342464345315,15.8492242104167,35.8850222241148
01-Mar-1995,52.7908726950649,25.7004688006191,27.0904038944458
01-Apr-1995,53.2984479774432,10.1913492726083,43.1070987048349
01-May-1995,63.9611058048659,24.557503393725,39.4036024111409
01-Jun-1995,52.2949330776285,27.9279491953068,24.3669838823217
01-Jul-1995,49.1683893568731,20.5573086965354,28.6110806603377
01-Aug-1995,47.9617987813037,44.0387246754212,3.9230741058825
01-Sep-1995,47.7824521676609,20.6897020016418,27.0927501660191
01-Oct-1995,50.5508280104213,29.2602525906783,21.290575419743
01-Nov-1995,52.8209885188673,22.9741738269049,29.8468146919624
01-Dec-1995,51.6207726864215,45.443302702475,6.1774699839465
01-Jan-1996,66.6874762035375,84.2793062821571,-17.5918300786196
01-Feb-1996,58.3922481906882,65.1108194950424,-6.71857130435421
01-Mar-1996,65.4781085989329,84.0472215453471,-18.5691129464142
01-Apr-1996,59.5732067591489,65.1683471332189,-5.59514037407
01-May-1996,76.4626203519675,78.5404354087318,-2.07781505676429
01-Jun-1996,63.2162377971742,78.9726695265744,-15.7564317294002
01-Jul-1996,64.7811052482191,76.4735281284471,-11.692422880228
01-Aug-1996,74.1332232960024,113.567632097049,-39.4344088010466
01-Sep-1996,56.2811601895083,80.7202282006787,-24.4390680111704
01-Oct-1996,52.5605702504943,78.7256157946954,-26.1650455442011
01-Nov-1996,57.0997672255332,60.8476028888601,-3.7478356633269
01-Dec-1996,57.9170524304236,78.1216838216602,-20.2046313912366
01-Jan-1997,65.4001867451191,112.874539177019,-47.4743524318999
01-Feb-1997,61.1640789891838,90.2877004081878,-29.123621419004
01-Mar-1997,67.3704516507223,117.530739501769,-50.1602878510467
01-Apr-1997,56.5259753354405,100.15105570832,-43.6250803728795
01-May-1997,69.4709982654705,116.758942292711,-47.2879440272405
01-Jun-1997,63.6236239860364,118.532707640478,-54.9090836544416
01-Jul-1997,55.7714302062993,122.002992914452,-66.2315627081527
01-Aug-1997,78.5873515615452,190.557055270582,-111.969703709037
01-Sep-1997,83.2750124418475,172.944480522348,-89.6694680805005
01-Oct-1997,76.6776346479722,177.945626535263,-101.267991887291
01-Nov-1997,56.4269142813074,149.284794125124,-92.8578798438166
01-Dec-1997,65.2968688593494,164.514974835571,-99.2181059762216
01-Jan-1998,73.320632876766,208.702806206269,-135.382173329503
01-Feb-1998,80.6350941699043,198.769839965225,-118.134745795321
01-Mar-1998,120.947092616821,256.587382786178,-135.640290169357
01-Apr-1998,88.5994156634075,232.324233310032,-143.724817646625
01-May-1998,114.198890641949,240.621018791762,-126.422128149813
01-Jun-1998,108.578606617088,232.555043488564,-123.976436871476
01-Jul-1998,87.8138806264256,234.181080624105,-146.367199997679
01-Aug-1998,128.475933859193,295.761640972755,-167.285707113562
01-Sep-1998,100.078453382472,250.524801596739,-150.446348214267
01-Oct-1998,108.761868118205,245.824088152156,-137.062220033951
01-Nov-1998,107.062420109053,207.27411488701,-100.211694777957
01-Dec-1998,103.595013829327,206.640876735513,-103.045862906186
01-Jan-1999,102.828261906514,234.680031718879,-131.851769812365
01-Feb-1999,114.69685641994,215.452133556931,-100.755277136991
01-Mar-1999,105.347111067948,263.104766819402,-157.757655751454
01-Apr-1999,100.622749245304,257.66641889874,-157.043669653436
01-May-1999,141.325016174155,277.425336522051,-136.100320347896
01-Jun-1999,103.559264407142,252.357391808456,-148.798127401314
01-Jul-1999,95.9917952402984,235.007835217564,-139.016039977266
01-Aug-1999,93.0780087157686,276.276102353127,-183.198093637358
01-Sep-1999,88.6076716092219,253.4815357204,-164.873864111178
01-Oct-1999,90.9579095012725,265.798298231095,-174.840388729822
01-Nov-1999,106.83949117307,248.347947202507,-141.508456029437
01-Dec-1999,85.435013599076,254.939990738825,-169.504977139749
01-Jan-2000,118.480915796293,275.853111629982,-157.372195833689
01-Feb-2000,101.647446191724,259.049772011427,-157.402325819703
01-Mar-2000,226.309248969441,304.326954038372,-78.017705068931
01-Apr-2000,117.791633223047,288.711607243668,-170.919974020621
01-May-2000,92.9502988882245,276.885463363856,-183.935164475631
01-Jun-2000,97.1781935446309,244.20444229088,-147.026248746249
01-Jul-2000,94.4646380497583,227.31558923736,-132.850951187602
01-Aug-2000,144.760898746824,283.891863877852,-139.130965131028
01-Sep-2000,148.375450932132,269.88065522187,-121.505204289738
01-Oct-2000,109.101068838576,278.178519870938,-169.077451032362
01-Nov-2000,133.290112479235,269.037893901546,-135.747781422311
01-Dec-2000,121.635369440545,274.207704077177,-152.572334636632
01-Jan-2001,136.489332179024,284.394503150665,-147.905170971641
01-Feb-2001,131.893539124188,252.38596368153,-120.492424557342
01-Mar-2001,144.610448263404,301.540479630702,-156.930031367298
01-Apr-2001,151.307748251188,287.183679294151,-135.875931042963
01-May-2001,139.889601394013,285.97044926513,-146.080847871117
01-Jun-2001,190.041758262745,254.465280473367,-64.423522210622
01-Jul-2001,122.314570559099,242.955322014733,-120.640751455634
01-Aug-2001,153.766058410688,284.703870359958,-130.93781194927
01-Sep-2001,157.824034018578,255.715936292135,-97.891902273557
01-Oct-2001,242.068722850714,267.416890421296,-25.348167570582
01-Nov-2001,156.739315895286,271.852338082403,-115.113022187117
01-Dec-2001,158.531920891939,302.456198131192,-143.924277239253
01-Jan-2002,109.164983160617,296.206392341748,-187.041409181131
01-Feb-2002,99.7592938203757,254.64798652867,-154.888692708294
01-Mar-2002,188.449714413398,298.591557113107,-110.141842699709
01-Apr-2002,202.122926759321,312.010825308137,-109.887898548816
01-May-2002,227.444565198817,321.188570057271,-93.744004858454
01-Jun-2002,158.174282762256,297.72150519932,-139.547222437064
01-Jul-2002,145.821911845137,281.376359258238,-135.554447413101
01-Aug-2002,111.38551442642,315.427338121089,-204.041823694669
01-Sep-2002,81.533040333165,273.337538987921,-191.804498654756
01-Oct-2002,113.427673614857,267.472775299673,-154.045101684816
01-Nov-2002,130.568751246548,250.46735526539,-119.898604018842
01-Dec-2002,179.091637974302,246.930354031226,-67.838716056924
01-Jan-2003,157.81143710974,231.353111693648,-73.541674583908
01-Feb-2003,152.134579244196,172.881759532918,-20.747180288722
01-Mar-2003,159.030650830791,188.486925283994,-29.456274453203
01-Apr-2003,179.135183410562,177.325915226886,1.80926818367601
01-May-2003,183.333501810534,171.357696266985,11.975805543549
01-Jun-2003,149.423098191006,149.538609801191,-0.115511610184996
01-Jul-2003,215.788267024181,122.265920923016,93.522346101165
01-Aug-2003,151.833862525472,136.908722303636,14.925140221836
01-Sep-2003,157.355350973717,101.091532405556,56.263818568161
01-Oct-2003,159.546474439438,103.8805546406,55.665919798838
01-Nov-2003,112.726029011298,101.825714160364,10.900314850934
01-Dec-2003,98.4503021689173,108.238266272384,-9.78796410346669
01-Jan-2004,125.287455937882,109.703440611751,15.584015326131
01-Feb-2004,156.499080619265,72.8011424294703,83.6979381897947
01-Mar-2004,136.905510660545,94.0525209520243,42.8529897085207
01-Apr-2004,135.794327826524,91.0125578883003,44.7817699382237
01-May-2004,158.012071546944,88.5413279784592,69.4707435684848
01-Jun-2004,128.558658973982,71.7458646498836,56.8127943240984
01-Jul-2004,118.749619794522,57.9359355546133,60.8136842399087
01-Aug-2004,135.170500379277,78.4938365351769,56.6766638441001
01-Sep-2004,121.937297068832,53.7660720173573,68.1712250514747
01-Oct-2004,89.2331043522828,58.2178987666313,31.0152055856515
01-Nov-2004,74.1428635313717,61.1149969721889,13.0278665591828
01-Dec-2004,62.7597228474464,67.1486735529615,-4.3889507055151
01-Jan-2005,89.2458520338297,68.2888604336704,20.9569916001593
01-Feb-2005,103.939685515535,41.089702307249,62.849983208286
01-Mar-2005,90.4880173170584,54.0154352518427,36.4725820652157
01-Apr-2005,87.7102413795898,45.1987288507789,42.5115125288109
01-May-2005,80.0181855510628,46.8557247559108,33.162460795152
01-Jun-2005,64.2913727739912,45.5368061713844,18.7545666026068
01-Jul-2005,102.325032335198,40.1348862058159,62.1901461293821
01-Aug-2005,87.1039673278722,55.3377241475261,31.7662431803461
01-Sep-2005,75.8379283143345,35.1908028602535,40.647125454081
01-Oct-2005,59.9689662442003,42.442260802083,17.5267054421173
01-Nov-2005,73.1860153270285,47.3874158475889,25.7985994794396
01-Dec-2005,50.9253488629859,48.8959821539293,2.0293667090566
01-Jan-2006,68.999877464629,50.5977572922154,18.4021201724136
01-Feb-2006,102.282204580285,32.0304644561206,70.2517401241644
01-Mar-2006,62.8767793994999,40.5428090009786,22.3339703985213
01-Apr-2006,76.8320126188586,27.8209758068323,49.0110368120263
01-May-2006,77.0484582861844,27.233733299241,49.8147249869434
01-Jun-2006,74.4837457064958,29.5564275774868,44.927318129009
01-Jul-2006,64.535590034533,27.0582667054588,37.4773233290742
01-Aug-2006,77.1192081804379,39.0437886754842,38.0754195049537
01-Sep-2006,110.118056354949,18.3815226308057,91.7365337241433
01-Oct-2006,66.0515422835614,23.2424088677661,42.8091334157953
01-Nov-2006,59.3492239635437,26.1590548693311,33.1901690942126
01-Dec-2006,45.0597052755836,30.228034141735,14.8316711338486
01-Jan-2007,61.4466647441781,35.839005048013,25.6076596961651
01-Feb-2007,42.8255639969801,23.2250189930279,19.6005450039522
01-Mar-2007,48.0712701790933,34.8757108707855,13.1955593083078
01-Apr-2007,46.9011822426197,21.8431153293888,25.0580669132309
01-May-2007,82.826289689412,19.3840448856593,63.4422448037527
01-Jun-2007,76.4069368586363,23.364945875188,53.0419909834483
01-Jul-2007,106.27961435587,23.4795687372623,82.8000456186077
01-Aug-2007,61.19047195398,33.6185260511353,27.5719459028447
01-Sep-2007,47.8817626450724,16.0898626563057,31.7918999887667
01-Oct-2007,59.5354835420429,22.0053154625899,37.530168079453
01-Nov-2007,49.6775782074249,23.6711121693279,26.006466038097
01-Dec-2007,33.3405860262099,24.5841875692649,8.756398456945
01-Jan-2008,71.4585364209588,30.5290931919128,40.929443229046
01-Feb-2008,65.5583053089318,19.9424172581968,45.615888050735
01-Mar-2008,89.8541745720252,29.8702365633078,59.9839380087174
01-Apr-2008,54.6001398801562,17.8631059727057,36.7370339074505
01-May-2008,54.8011093771131,18.0373910725681,36.763718304545
01-Jun-2008,50.971118879909,24.5690675253523,26.4020513545567
01-Jul-2008,53.4502275822448,27.0618465694473,26.3883810127975
01-Aug-2008,36.363699495186,35.4004500943845,0.963249400801494
01-Sep-2008,63.3071473454194,22.4193653050796,40.8877820403398
01-Oct-2008,28.1720508789611,28.7436955752429,-0.571644696281798
01-Nov-2008,32.4821408944945,25.8879184967795,6.594222397715
01-Dec-2008,57.3450539896192,21.8810127174102,35.464041272209
01-Jan-2009,27.8102772165474,26.9462827382884,0.863994478259002
01-Feb-2009,39.1854343298788,21.6242754295159,17.5611589003629
01-Mar-2009,28.7241916122743,30.9007682736633,-2.176576661389
01-Apr-2009,28.3998650357461,20.5263238131681,7.873541222578
01-May-2009,22.0007631851596,19.520166408487,2.4805967766726
01-Jun-2009,19.5029574657875,21.5626332958214,-2.0596758300339
01-Jul-2009,18.5492730242442,17.7204943803622,0.828778643882
01-Aug-2009,25.0338248694734,25.6981172359021,-0.6642923664287
01-Sep-2009,22.5307531347964,15.4333335898213,7.0974195449751
01-Oct-2009,26.2586697054187,23.6133862234719,2.6452834819468
01-Nov-2009,21.5759546436278,19.4340256219297,2.1419290216981
01-Dec-2009,18.4772825409945,16.340727645691,2.1365548953035
01-Jan-2010,21.8347357493636,22.2451537387171,-0.410417989353501
01-Feb-2010,19.1834675165325,20.5122431866721,-1.3287756701396
01-Mar-2010,37.3911997354044,33.5041175513362,3.8870821840682
01-Apr-2010,22.1314986056834,23.0980132650737,-0.966514659390299
01-May-2010,17.6166107542659,24.3966514759957,-6.7800407217298
01-Jun-2010,24.4495445967957,25.6269673245832,-1.1774227277875
01-Jul-2010,27.6578327640099,20.8391784443216,6.8186543196883
01-Aug-2010,29.9506830903416,27.1117379930378,2.8389450973038
01-Sep-2010,27.105230396049,20.5692534367266,6.5359769593224
01-Oct-2010,24.7640692216973,31.59001211901,-6.8259428973127
01-Nov-2010,36.785845309083,24.6457477287731,12.1400975803099
01-Dec-2010,28.5139651492014,19.8512972114821,8.6626679377193
01-Jan-2011,29.79048103148,23.9015525574061,5.8889284740739
01-Feb-2011,28.2723280678932,21.8764283360107,6.3958997318825
01-Mar-2011,32.799578743682,34.2258176048602,-1.4262388611782
01-Apr-2011,25.180958838611,28.0796656968492,-2.8987068582382
01-May-2011,51.9395691009414,32.9360369068539,19.0035321940875
01-Jun-2011,25.7450955825813,32.8688123381813,-7.1237167556
01-Jul-2011,37.0979825003559,28.2305335702306,8.8674489301253
01-Aug-2011,33.5094361650427,35.3616377368234,-1.8522015717807
01-Sep-2011,24.4151511508002,30.2292920558292,-5.814140905029
01-Oct-2011,23.097378166503,37.5058388608442,-14.4084606943412
01-Nov-2011,30.6640801904233,32.7719460701295,-2.1078658797062
01-Dec-2011,31.0898087655312,30.8936288663793,0.1961798991519
01-Jan-2012,39.7549185574367,38.0010344037355,1.7538841537012
01-Feb-2012,57.7380906682358,36.6623755266558,21.07571514158
01-Mar-2012,52.483038970823,46.2181631876132,6.2648757832098
01-Apr-2012,32.6477987483784,41.0739959196656,-8.4261971712872
01-May-2012,38.1953150736328,45.9913073332238,-7.795992259591
01-Jun-2012,44.856842791329,49.6765989434386,-4.8197561521096
01-Jul-2012,31.2379979638753,45.5770511210178,-14.3390531571425
01-Aug-2012,35.0556888078957,48.5331078511359,-13.4774190432402
01-Sep-2012,33.6722196737518,38.3898756867378,-4.71765601298601
01-Oct-2012,37.1597466451325,38.4511688493508,-1.2914222042183
01-Nov-2012,29.1513278749738,33.0530748362089,-3.9017469612351
01-Dec-2012,27.5778063678889,30.3612814043536,-2.7834750364647
01-Jan-2013,39.7317244221857,28.7160834707307,11.015640951455
01-Feb-2013,29.2699567419683,22.1712057716276,7.0987509703407
01-Mar-2013,40.4851800993068,23.2587605621434,17.2264195371634
01-Apr-2013,20.5327903371207,17.151361258293,3.3814290788277
01-May-2013,41.0816115994914,16.6941458647514,24.38746573474
01-Jun-2013,31.2506916548265,15.1918559332007,16.0588357216258
01-Jul-2013,32.9560266761153,13.1926557797623,19.763370896353
01-Aug-2013,34.3455857826255,14.3137313661517,20.0318544164738
01-Sep-2013,35.2835831761644,9.97486055638502,25.3087226197794
01-Oct-2013,33.2086685685249,13.2087072781185,19.9999612904064
01-Nov-2013,27.6520887257044,13.0602603986489,14.5918283270555
01-Dec-2013,25.870353435113,15.3989586963058,10.4713947388072
01-Jan-2014,29.2702829054498,17.4356975771261,11.8345853283237
01-Feb-2014,27.9450598668475,16.0797543517498,11.8653055150977
01-Mar-2014,42.9866799343187,16.3558560376853,26.6308238966334
01-Apr-2014,24.2838936425951,10.6057638015267,13.6781298410684
01-May-2014,41.7802055483065,11.329338428676,30.4508671196305
01-Jun-2014,40.398337621997,13.3420135441083,27.0563240778887
01-Jul-2014,40.1995999761116,16.0114118539543,24.1881881221573
01-Aug-2014,26.9609153921042,15.486938588551,11.4739768035532
01-Sep-2014,19.6090912460207,10.6209132985171,8.9881779475036
01-Oct-2014,24.4899357141381,11.4108803801984,13.0790553339397
01-Nov-2014,25.7936843988438,10.5396793880235,15.2540050108203
01-Dec-2014,17.9580490238184,12.29244183238,5.6656071914384
01-Jan-2015,44.0840553914339,12.0626255115969,32.021429879837
01-Feb-2015,22.3442322917811,14.3918706215998,7.9523616701813
01-Mar-2015,27.2601589033996,17.8780511926949,9.3821077107047
01-Apr-2015,16.2820963011363,14.0699259455821,2.2121703555542
01-May-2015,25.6326169602332,16.7510108455813,8.8816061146519
01-Jun-2015,26.6574186452105,25.3318246669281,1.3255939782824
01-Jul-2015,45.6700568148165,36.7483010676745,8.921755747142
01-Aug-2015,27.0022681077386,28.0955676621424,-1.0932995544038
01-Sep-2015,38.4504421629913,17.5008751615879,20.9495670014034
01-Oct-2015,18.9586653109832,14.8403668096925,4.1182985012907
01-Nov-2015,21.9497978034462,13.6818845016754,8.2679133017708
01-Dec-2015,15.7624900106688,14.3755921137336,1.3868978969352
01-Jan-2016,25.5308274495599,13.8101574414918,11.7206700080681
01-Feb-2016,39.2450199746515,12.0477048622761,27.1973151123754
01-Mar-2016,34.7739057629802,11.8921251674191,22.8817805955611
01-Apr-2016,45.6070065916825,9.74610828429696,35.8608983073855
01-May-2016,28.5646102855823,8.50951005355934,20.055100232023
01-Jun-2016,31.071541198522,7.35710004677854,23.7144411517435
01-Jul-2016,36.5833303811057,10.4287798290742,26.1545505520315
01-Aug-2016,37.6116341977855,10.3403194443531,27.2713147534324
01-Sep-2016,20.8137358642319,5.36069529368178,15.4530405705501
01-Oct-2016,31.8968819329659,5.55336205560403,26.3435198773619
01-Nov-2016,26.2229116565421,5.80439168873181,20.4185199678103
01-Dec-2016,26.9056687072743,7.53020469970124,19.3754640075731
01-Jan-2017,48.7474720808812,6.77314912477527,41.9743229561059
01-Feb-2017,26.9376112704067,8.08899730040206,18.8486139700046
01-Mar-2017,45.455078740588,11.2980084947054,34.1570702458826
01-Apr-2017,31.9028523428463,9.1721470722287,22.7307052706176
01-May-2017,35.4094020772785,7.77977823730188,27.6296238399766
01-Jun-2017,34.3347950059466,6.37942807139504,27.9553669345516
01-Jul-2017,31.1862775832327,9.46909899235951,21.7171785908732
01-Aug-2017,25.330634605774,10.2292148907155,15.1014197150585
01-Sep-2017,27.5178711204226,7.64263641230141,19.8752347081212
01-Oct-2017,22.53866649763,7.94886007834185,14.5898064192882
01-Nov-2017,35.182059237911,6.69745160404564,28.4846076338654
01-Dec-2017,24.2878503119789,7.09198072491504,17.1958695870639
01-Jan-2018,28.4166233231906,5.24677365058293,23.1698496726077
01-Feb-2018,23.7966826549222,5.87322963289665,17.9234530220256
01-Mar-2018,24.9495251574152,9.18845190447247,15.7610732529427
01-Apr-2018,33.2159729941826,8.93130926290136,24.2846637312812
01-May-2018,17.8945022456777,7.13408640909029,10.7604158365874
01-Jun-2018,33.0534849475044,5.27510996188146,27.7783749856229
01-Jul-2018,27.2949080928342,7.29032470236048,20.0045833904737
01-Aug-2018,35.8645179244095,9.34672075794347,26.517797166466
01-Sep-2018,23.334895498453,7.48739170933178,15.8475037891212
01-Oct-2018,24.505772612221,7.88328172744854,16.6224908847725
01-Nov-2018,19.5063894654377,9.08796067913499,10.4184287863027
01-Dec-2018,25.375269092563,9.69795929840265,15.6773097941603
01-Jan-2019,26.7188354932975,8.2904368405446,18.4283986527529
01-Feb-2019,23.4490283641112,7.10867638712167,16.3403519769895
01-Mar-2019,23.570163695155,10.3224346703781,13.2477290247769
01-Apr-2019,20.5755308690088,8.7818849941501,11.7936458748587
01-May-2019,16.3008022146021,7.31208686446052,8.98871535014158
01-Jun-2019,21.3444330936313,6.92262640425853,14.4218066893728
01-Jul-2019,21.3683861123294,8.07416251998888,13.2942235923405
01-Aug-2019,23.8452738110951,9.16041432558007,14.684859485515
01-Sep-2019,21.3905819728549,6.29726630532121,15.0933156675337
01-Oct-2019,26.5076625060795,8.03788148451436,18.4697810215651
01-Nov-2019,22.2771815839188,9.77449050635897,12.5026910775598
01-Dec-2019,26.8721457665882,9.17293256847393,17.6992131981143
01-Jan-2020,22.9918829958026,7.14527766123743,15.8466053345652
01-Feb-2020,27.322623421597,5.56996657939741,21.7526568421996
01-Mar-2020,21.3450644119316,8.36441826982399,12.9806461421076
01-Apr-2020,12.0377334283468,6.48082737828204,5.55690605006476
01-May-2020,17.6276140532865,5.63190978083992,11.9957042724466
01-Jun-2020,28.4124844791304,7.46111167774288,20.9513728013875
01-Jul-2020,18.7541878363129,7.86834418007316,10.8858436562397
01-Aug-2020,33.1033665395257,8.75161723094307,24.3517493085826
01-Sep-2020,24.2355990526367,5.63663489665679,18.5989641559799
01-Oct-2020,19.1005117073849,6.11611678977766,12.9843949176072
01-Nov-2020,33.4947534338396,6.5696480288109,26.9251054050287
01-Dec-2020,22.1908438487285,4.90442006164294,17.2864237870856
01-Jan-2021,20.3050225573387,5.73278312850451,14.5722394288342
01-Feb-2021,23.7087785248401,3.89316959377982,19.8156089310603
01-Mar-2021,18.2603315405304,5.69830352247526,12.5620280180551
01-Apr-2021,22.9963668124962,5.36423023132655,17.6321365811696
01-May-2021,30.670598198806,6.37734205576875,24.2932561430373
01-Jun-2021,32.7507339104491,10.0723338169075,22.6784000935416
01-Jul-2021,19.1217760873573,9.50806421710559,9.61371187025171
01-Aug-2021,25.9574924786373,11.6655094740102,14.2919830046271
01-Sep-2021,14.7563784584762,8.17649484527809,6.57988361319811
01-Oct-2021,13.9153569993971,8.19464713608035,5.72070986331675
01-Nov-2021,21.0081784926093,8.68387044029829,12.324308052311
01-Dec-2021,16.7318470554587,7.06271152340575,9.66913553205295
01-Jan-2022,23.8566752989032,8.45449860243734,15.4021766964659
01-Feb-2022,30.4215262212371,5.66267876001925,24.7588474612179
01-Mar-2022,18.8479097988659,7.51883318242293,11.329076616443
01-Apr-2022,39.4310621008419,6.58952943714991,32.841532663692
01-May-2022,57.1597489846628,6.42836195270134,50.7313870319615
01-Jun-2022,27.9021201491502,10.4346152850962,17.467504864054
01-Jul-2022,58.2767062373014,9.92951349380059,48.3471927435008
01-Aug-2022,39.8481089675883,13.6141500714075,26.2339588961808
01-Sep-2022,35.1102003478928,11.502863288015,23.6073370598778
01-Oct-2022,41.1263436327617,13.1540243376167,27.972319295145
01-Nov-2022,52.566013014837,15.0696790948703,37.4963339199667
01-Dec-2022,40.054099036674,16.2323700333071,23.8217290033669
01-Jan-2023,39.7365885349892,20.2600710872954,19.4765174476938
01-Feb-2023,47.0184305687467,17.19626762987,29.8221629388767
01-Mar-2023,42.9419312220675,19.0249477516118,23.9169834704557
01-Apr-2023,36.3152681084993,16.8854916175291,19.4297764909702
01-May-2023,39.8001631123777,15.6004152091567,24.199747903221
01-Jun-2023,54.891515790499,15.6607902598332,39.2307255306658
01-Jul-2023,44.6347685129429,14.28101139816,30.3537571147829
01-Aug-2023,46.3891752293146,16.106451743929,30.2827234853856
01-Sep-2023,32.2504964131097,14.7894583356953,17.4610380774144
01-Oct-2023,67.9742620535517,15.6067371908901,52.3675248626616
01-Nov-2023,35.3053040579134,16.206834568577,19.0984694893364
01-Dec-2023,36.3995363386215,13.4161734408701,22.9833628977514
01-Jan-2024,40.6025083099053,15.2810696711362,25.3214386387691
01-Feb-2024,38.8377217746071,14.2511572341646,24.5865645404425
01-Mar-2024,34.0376192017001,14.5011955060681,19.536423695632
01-Apr-2024,36.7684168235335,12.3851598603371,24.3832569631964
01-May-2024,30.5557717918427,10.4258002581327,20.12997153371
01-Jun-2024,33.6780464963187,12.9912962982714,20.6867501980473
01-Jul-2024,54.5346801302622,11.7140244330724,42.8206556971898
01-Aug-2024,35.8467956600301,15.7748221659713,20.0719734940588
01-Sep-2024,31.7554222911073,18.4597711494921,13.2956511416152
01-Oct-2024,43.5269714549915,21.427777549509,22.0991939054825
01-Nov-2024,37.2576797375743,23.7057042783752,13.5519754591991
01-Dec-2024,27.3727375588087,17.7464956615995,9.6262418972092
01-Jan-2025,101.521262818543,20.9356127274827,80.5856500910603
01-Feb-2025,30.4171671827051,29.2758046461437,1.1413625365614
01-Mar-2025,51.7111352048663,35.6482550643874,16.0628801404789
01-Apr-2025,33.2388783427702,38.1410191113176,-4.9021407685474
01-May-2025,35.1523611624463,41.0937402084532,-5.9413790460069
01-Jun-2025,64.9928982673944,49.754723875998,15.2381743913964
01-Jul-2025,34.0512771957428,44.3247296266003,-10.2734524308575
01-Aug-2025,98.7208852181164,47.4308664737979,51.2900187443185
01-Sep-2025,46.2304868755895,54.9885328586953,-8.7580459831058
01-Oct-2025,29.0727612877653,45.7286436832365,-16.6558823954712
01-Nov-2025,42.082755200042,36.6865209360374,5.3962342640046
01-Dec-2025,54.1447918477017,26.4084215781394,27.7363702695623
