tau,DC,PAR,ELN,FARC,iota,iota_post,alpha,gamma,alpha_R,gamma_R,alpha_N,gamma_N,Delta_H,V,d,a_S,a_S_t,a_F,a_F_t,a_K,a_K_t,match_S,match_F,match_K,U_rel,IR_K,IC_K,IR_F,Gamma_formal,IR_K_gap_E,IC_K_gap_E_min,IR_F_gap_E,IR_K_true,IR_K_true_gap,IR_K_true_U_rel,IR_K_true_V_cont,IR_K_true_U_kill,IC_F,IC_S,m,kh(DC),kh(PAR),kh(ELN),kh(FARC)
1,0.35,0.15,0.35,0.15,0.35,0.3500115944734539,0.90749352,0.88735903,0.78,0.8,0.53999989,0.25000002,0.03019632767222702,0,1,rescue,rescue,Cooperar,Cooperar,Liberar,Liberar,true,true,true,-2.37,true,true,true,true,21.365,0,20000001.860000003,true,16.18,-2.37,-821494.18,-18.55,true,true,continue,-1,-1,-1,-1
2,0.350011594473454,0.14999438012644947,0.3500083809055045,0.1499856444945921,0.350011594473454,0.35005796835905933,0.90749186,0.88735731,0.78,0.8,0.53999989,0.25000002,0.030250835621027816,0,0,rescue,rescue,Cooperar,Cooperar,Liberar,Liberar,true,true,true,-2.37,true,true,true,true,21.36499202578305,0,20000001.860000003,true,16.18,-2.37,-821492.52,-18.55,true,true,continue,-1,-1,-1,-1
3,0.35005796835905933,0.1499718996087446,0.35004189873304814,0.14992823329914795,0.35005796835905933,0.35016228534805666,0.90748523,0.88735045,0.78,0.8,0.53999989,0.25000002,0.030341384997261134,0,0,rescue,rescue,Cooperar,Cooperar,Liberar,Liberar,true,true,true,-2.37,true,true,true,true,21.36496004297882,0,20000001.860000003,true,16.18,-2.37,-821485.88,-18.55,true,true,continue,-1,-1,-1,-1
4,0.35016228534805666,0.14992131285747645,0.35011727929425773,0.14979912250020916,0.35016228534805666,0.35040110190511586,0.90747032,0.88733503,0.78,0.8,0.53999989,0.25000002,0.030467635545369465,0,0,rescue,rescue,Cooperar,Cooperar,Liberar,continue,true,true,false,-2.37,true,true,true,true,21.364887579012024,0,20000001.860000003,true,16.18,-2.37,-821470.96,-18.55,true,true,continue,-1,-1,-1,-1
5,0.35040110190511586,0.14980545144706012,0.3502904128587883,0.14950303378903576,0.35040110190511586,0.3507738883320518,0.90743617,0.88729967,0.78,0.8,0.53999989,0.25000002,0.030766067641589068,0,0,rescue,rescue,Cooperar,Cooperar,Liberar,continue,true,true,false,-2.37,true,true,true,true,21.36472618644885,0,20000001.860000003,true,16.18,-2.37,-821436.78,-18.55,true,true,continue,-1,-1,-1,-1
6,0.35077388833205186,0.14962434126655644,0.3505604231925733,0.14904134720881845,0.35077388833205186,0.3511899924199938,0.9073829,0.88724451,0.78,0.8,0.53999989,0.25000002,0.0310211442140782,0,1,rescue,rescue,Cooperar,Cooperar,Liberar,Liberar,true,true,true,-2.37,true,true,true,true,21.364466685699295,0,20000001.860000003,true,16.18,-2.37,-821383.46,-18.55,true,true,continue,-1,-1,-1,-1
7,0.3511899924199938,0.1494217566427577,0.3508603139358681,0.14852793700138034,0.3511899924199938,0.35191837927865016,0.90732354,0.88718305,0.78,0.8,0.53999989,0.25000002,0.03105347175277129,0,1,rescue,rescue,Cooperar,Cooperar,Liberar,continue,true,true,false,-2.37,true,true,true,true,21.364153587320544,0,20000001.860000003,true,16.18,-2.37,-821324.05,-18.55,true,true,continue,-1,-1,-1,-1
8,0.35191837927865016,0.14906632527352745,0.3513863552490265,0.1476289401987959,0.35191837927865016,0.3526549809989267,0.90721967,0.88707545,0.78,0.8,0.53999989,0.25000002,0.03166224379804383,0,1,rescue,rescue,Cooperar,Cooperar,Liberar,Liberar,true,true,true,-2.37,true,true,true,true,21.363599818399887,0,20000001.85,true,16.18,-2.37,-821220.08,-18.55,true,true,continue,-1,-1,-1,-1
9,0.3526549809989267,0.14870558566715464,0.35191512084792953,0.14672431248598916,0.3526549809989267,0.353584693787809,0.90711488,0.8869669,0.78,0.8,0.53999989,0.25000002,0.03160773432339714,0,1,rescue,rescue,Cooperar,Cooperar,Liberar,Liberar,true,true,true,-2.37,true,true,true,true,21.362981824841654,0,20000001.86,true,16.18,-2.37,-821115.2,-18.55,true,true,continue,-1,-1,-1,-1
10,0.353584693787809,0.14824857544160297,0.3525807957073064,0.1455859350632816,0.353584693787809,0.5642850717887008,0.90698286,0.8868301,0.78,0.8,0.53999989,0.25000002,0.0319315853241926,1,1,rescue,rescue,Cooperar,Cooperar,Liberar,Liberar,true,true,true,-2.37,true,true,true,true,21.362150504388833,0,20000001.86,true,16.18,-2.37,-820983.06,-18.55,true,true,continue,-1,-1,-1,-1
11,0.5642850717887008,0.1028961770621746,0.2947079797597958,0.03811077138932887,0.5642850717887008,0.5652297772802137,0.87971973,0.85875934,0.78,0.8,0.53999989,0.25000002,0.0278911100606567,0,0,rescue,rescue,Cooperar,Cooperar,Liberar,Matar,true,true,false,-2.37,true,true,true,true,20.295739183777155,0,20000002.34,true,16.18,-2.37,-793696.33,-18.55,true,true,continue,-1,-1,-1,-1
12,0.5652297772802138,0.10224364107897436,0.2948872571923292,0.037639324448482656,0.5652297772802138,0.7574338528257254,0.87962415,0.85865573,0.78,0.8,0.53999989,0.25000002,0.028079983340606463,1,1,rescue,rescue,Cooperar,Cooperar,Liberar,Liberar,true,true,true,-2.37,true,true,true,true,20.286178812920408,0,20000002.35,true,16.18,-2.37,-793600.67,-18.55,true,true,continue,-1,-1,-1,-1
13,0.7574338528257254,0.04373020204809178,0.1944538000344998,0.00438214509168301,0.7574338528257254,0.7580320089011243,0.85811364,0.83488868,0.78,0.8,0.53999989,0.25000002,0.019647034272092134,0,1,rescue,rescue,Cooperar,Cooperar,Liberar,Liberar,true,true,true,-2.37,true,true,true,true,18.496167708034697,0,20000002.75,true,16.18,-2.37,-772071.49,-18.55,true,true,continue,-1,-1,-1,-1
14,0.7580320089011243,0.043325236652792615,0.1943364336490653,0.004306320797017802,0.7580320089011243,0.7587208871645263,0.85806162,0.83483074,0.78,0.8,0.53999989,0.25000002,0.01969809256414612,0,1,rescue,rescue,Cooperar,Cooperar,Liberar,Liberar,true,true,true,-2.37,true,true,true,true,18.48800412062315,0,20000002.75,true,16.18,-2.37,-772019.43,-18.55,true,true,continue,-1,-1,-1,-1
15,0.7587208871645261,0.04286005168001981,0.19419904994279702,0.004220011212656848,0.7587208871645261,0.7595053501270984,0.85800168,0.83476398,0.78,0.8,0.53999989,0.25000002,0.019749333912728706,0,0,rescue,rescue,Cooperar,Cooperar,Liberar,Liberar,true,true,true,-2.37,true,true,true,true,18.478604863190675,0,20000002.75,true,16.18,-2.37,-771959.44,-18.55,true,true,continue,-1,-1,-1,-1
16,0.7595053501270985,0.04233191598911737,0.19403968828000795,0.004123045603776194,0.7595053501270985,0.8340442444943161,0.85793337,0.83468789,0.78,0.8,0.53999989,0.25000002,0.01980002263916869,1,0,rescue,rescue,Cooperar,Cooperar,Liberar,Liberar,true,true,true,-2.37,true,true,true,true,18.467905017295756,0,20000002.74,true,16.18,-2.37,-771891.07,-18.55,true,true,continue,-1,-1,-1,-1
17,0.8340442444943161,0.027199399940179482,0.13790889048746008,0.0008474650780443731,0.8340442444943161,0.8347103004541763,0.84940772,0.8246412,0.78,0.8,0.53999989,0.25000002,0.014824905758281326,0,0,rescue,rescue,Cooperar,Cooperar,Liberar,Liberar,true,true,true,-2.37,true,true,true,true,17.75754242842737,0,20000002.919999998,true,16.18,-2.37,-763357.88,-18.55,true,true,continue,-1,-1,-1,-1
18,0.8347103004541763,0.026769791967081243,0.1376969662485628,0.0008229413301796601,0.8347103004541763,0.8354492351915995,0.84935071,0.82457612,0.78,0.8,0.53999989,0.25000002,0.01484804599998557,0,0,rescue,rescue,Cooperar,Cooperar,Liberar,Liberar,true,true,true,-2.37,true,true,true,true,17.74808347429646,0,20000002.91,true,16.18,-2.37,-763300.82,-18.55,true,true,continue,-1,-1,-1,-1
19,0.8354492351915996,0.02629605352823925,0.13745842312390744,0.0007962881562536305,0.8354492351915996,0.8362630185941987,0.84928729,0.82450368,0.78,0.8,0.53999989,0.25000002,0.014868829397269079,0,0,rescue,rescue,Cooperar,Cooperar,Liberar,Liberar,true,true,true,-2.37,true,true,true,true,17.737614019754254,0,20000002.91,true,16.18,-2.37,-763237.34,-18.55,true,true,continue,-1,-1,-1,-1
20,0.8362630185941988,0.025777887255506823,0.1371914899429432,0.000767604207351207,0.8362630185941988,0.8371531916587878,0.84921725,0.82442359,0.78,0.8,0.53999989,0.25000002,0.01488670632306277,0,0,rescue,rescue,Cooperar,Cooperar,Liberar,Liberar,true,true,true,-2.37,true,true,true,true,17.72611453288088,0,20000002.91,true,16.18,-2.37,-763167.25,-18.55,true,true,continue,-1,-1,-1,-1
21,0.8371531916587879,0.02521542898080904,0.13689435557747953,0.0007370237829235324,0.8371531916587879,0.888747954227881,0.84914038,0.82433562,0.78,0.8,0.53999989,0.25000002,0.014901115273962762,1,1,rescue,rescue,Cooperar,Cooperar,Liberar,Liberar,true,true,true,-2.37,true,true,true,true,17.71357300666911,0,20000002.92,true,16.18,-2.37,-763090.31,-18.55,true,true,continue,-1,-1,-1,-1
22,0.888747954227881,0.01656790841690004,0.09449270199768882,0.00019143535753016747,0.888747954227881,0.8795385249499603,0.84315026,0.81700323,0.78,0.8,0.53999989,0.25000002,0.010778472764887692,1,0,rescue,rescue,Cooperar,Cooperar,Liberar,Liberar,true,true,true,-2.37,true,true,true,true,17.223912933305815,0,20000003.04,true,16.18,-2.37,-757094.81,-18.55,true,true,continue,-1,-1,-1,-1
23,0.8795385249499605,0.014414763100205669,0.10599634455968064,0.00005036739015322359,0.8795385249499605,0.880310161813502,0.84445516,0.81866215,0.78,0.8,0.53999989,0.25000002,0.011772818125313778,0,0,rescue,rescue,Cooperar,Cooperar,Liberar,Liberar,true,true,true,-2.37,true,true,true,true,17.27518364054904,0,20000003.009999998,true,16.18,-2.37,-758400.92,-18.55,true,true,continue,-1,-1,-1,-1
24,0.880310161813502,0.014000401769308042,0.1056416816220881,0.0000477547951018529,0.880310161813502,0.8811370294815359,0.84438449,0.81857866,0.78,0.8,0.53999989,0.25000002,0.011764983860489076,0,0,rescue,rescue,Cooperar,Cooperar,Liberar,Liberar,true,true,true,-2.37,true,true,true,true,17.264838549902798,0,20000003.01,true,16.18,-2.37,-758330.19,-18.55,true,true,continue,-1,-1,-1,-1
25,0.8811370294815359,0.013562657502873676,0.10525524905481132,0.0000450639607790893,0.8811370294815359,0.8820189438979726,0.84430836,0.81848858,0.78,0.8,0.53999989,0.25000002,0.011752951418781077,0,0,rescue,rescue,Cooperar,Cooperar,Liberar,Liberar,true,true,true,-2.37,true,true,true,true,17.253817252521575,0,20000003.01,true,16.18,-2.37,-758253.99,-18.55,true,true,continue,-1,-1,-1,-1
26,0.8820189438979724,0.013103033106984742,0.10483570751225849,0.00004231548278411725,0.8820189438979724,0.8566973733923804,0.84422667,0.81839177,0.78,0.8,0.53999989,0.25000002,0.011736368352479765,1,1,rescue,rescue,Cooperar,Cooperar,Liberar,Liberar,true,true,true,-2.37,true,true,true,true,17.242136634384373,0,20000003.01,true,16.18,-2.37,-758172.23,-18.55,true,true,continue,-1,-1,-1,-1
27,0.8566973733923804,0.016298486668452277,0.12697966090076432,0.000024479038403125597,0.8566973733923804,0.8579088237954474,0.8472231,0.82207192,0.78,0.8,0.53999989,0.25000002,0.013919130200937213,0,1,rescue,rescue,Cooperar,Cooperar,Liberar,Liberar,true,true,true,-2.37,true,true,true,true,17.47435150176975,0,20000002.95,true,16.18,-2.37,-761171.36,-18.55,true,true,continue,-1,-1,-1,-1
28,0.8579088237954472,0.0156527522927142,0.12641569164333585,0.000022732268502646893,0.8579088237954472,0.8591845164482301,0.84711231,0.82194305,0.78,0.8,0.53999989,0.25000002,0.01389387028674921,0,1,rescue,rescue,Cooperar,Cooperar,Liberar,Liberar,true,true,true,-2.37,true,true,true,true,17.458136744405454,0,20000002.95,true,16.18,-2.37,-761060.47,-18.55,true,true,continue,-1,-1,-1,-1
29,0.8591845164482301,0.014986586320997532,0.1258079046519457,0.00002099257882664241,0.8591845164482301,0.8605227931797133,0.84699471,0.82180597,0.78,0.8,0.53999989,0.25000002,0.01386215081247627,0,0,rescue,rescue,Cooperar,Cooperar,Liberar,Liberar,true,true,true,-2.37,true,true,true,true,17.441204922655746,0,20000002.96,true,16.18,-2.37,-760942.77,-18.55,true,true,continue,-1,-1,-1,-1
30,0.8605227931797133,0.014303230625865507,0.12515470202294596,0.00001927417147536496,0.8605227931797133,0.8619216994202317,0.84687032,0.82166062,0.78,0.8,0.53999989,0.25000002,0.013823627994003995,0,1,rescue,rescue,Cooperar,Cooperar,Liberar,Liberar,true,true,true,-2.37,true,true,true,true,17.423602661023764,0,20000002.96,true,16.18,-2.37,-760818.28,-18.55,true,true,continue,-1,-1,-1,-1
31,0.8619216994202317,0.01360616832163418,0.12445454147990462,0.000017590778229518662,0.8619216994202317,0.863379015479655,0.84673914,0.82150697,0.78,0.8,0.53999989,0.25000002,0.013777998070696962,0,1,rescue,rescue,Cooperar,Cooperar,Liberar,Liberar,true,true,true,-2.37,true,true,true,true,17.40538142670605,0,20000002.97,true,16.18,-2.37,-760686.98,-18.55,true,true,continue,-1,-1,-1,-1
32,0.863379015479655,0.012899079586378313,0.12370594957763656,0.000015955356330152832,0.863379015479655,0.8166288668490209,0.84660122,0.82134499,0.78,0.8,0.53999989,0.25000002,0.013725002306777256,0,0,rescue,rescue,Cooperar,Cooperar,Liberar,Liberar,true,true,true,-2.37,true,true,true,true,17.386596827165494,0,20000002.97,true,16.18,-2.37,-760548.94,-18.55,true,true,rescue,-1,-1,-1,-1
33,0.8166288668490211,0.03825376411071037,0.14500909800350267,0.00010827103676592957,0.8166288668490211,0.8196068811424994,0.8508422,0.82623155,0.78,0.8,0.53999989,0.25000002,0.017080488413458994,0,0,rescue,rescue,Cooperar,Cooperar,Liberar,Liberar,true,true,true,-2.37,true,true,true,true,18.01661752720517,0,20000002.89,true,16.18,-2.37,-764793.54,-18.55,true,true,continue,-1,-1,-1,-1
34,0.8196068811424995,0.0360376912856874,0.14425849517220574,0.00009693239960749096,0.8196068811424995,0.8226482034717362,0.85061177,0.82597822,0.78,0.8,0.53999989,0.25000002,0.017016879332296564,0,1,rescue,rescue,Cooperar,Cooperar,Liberar,Liberar,true,true,true,-2.37,true,true,true,true,17.970282595855256,0,20000002.89,true,16.18,-2.37,-764562.92,-18.55,true,true,continue,-1,-1,-1,-1
35,0.822648203471736,0.03382197490662362,0.14344363401424925,0.00008618760739106211,0.822648203471736,0.8257432379126889,0.85037331,0.82571489,0.78,0.8,0.53999989,0.25000002,0.01693800541919599,0,0,rescue,rescue,Cooperar,Cooperar,Liberar,Liberar,true,true,true,-2.37,true,true,true,true,17.923448551715946,0,20000002.900000002,true,16.18,-2.37,-764324.26,-18.55,true,true,continue,-1,-1,-1,-1
36,0.8257432379126889,0.03161899181225654,0.14256167626663283,0.00007609400842178049,0.8257432379126889,0.8288823319000329,0.85012721,0.82544188,0.78,0.8,0.53999989,0.25000002,0.01684372610700524,0,1,rescue,rescue,Cooperar,Cooperar,Liberar,Liberar,true,true,true,-2.37,true,true,true,true,17.876319000227944,0,20000002.900000002,true,16.18,-2.37,-764077.96,-18.55,true,true,continue,-1,-1,-1,-1
37,0.8288823319000329,0.029440979170193077,0.1416099933622304,0.00006669556754371646,0.8288823319000329,0.8320559268729736,0.84987389,0.82515951,0.78,0.8,0.53999989,0.25000002,0.016734067133687858,0,1,rescue,rescue,Cooperar,Cooperar,Liberar,Liberar,true,true,true,-2.37,true,true,true,true,17.829096669450475,0,20000002.9,true,16.18,-2.37,-763824.43,-18.55,true,true,continue,-1,-1,-1,-1
38,0.8320559268729736,0.027299843141922457,0.14058620753771728,0.00005802244738673179,0.8320559268729736,0.8352547073398416,0.84961376,0.8248681,0.78,0.8,0.53999989,0.25000002,0.016609221701967325,0,1,rescue,rescue,Cooperar,Cooperar,Liberar,Liberar,true,true,true,-2.37,true,true,true,true,17.78198023982334,0,20000002.91,true,16.18,-2.37,-763564.08,-18.55,true,true,continue,-1,-1,-1,-1
39,0.8352547073398418,0.025206971071326658,0.13948823055080425,0.000050091038027346705,0.8352547073398418,0.8058315685566333,0.84934726,0.82456802,0.78,0.8,0.53999989,0.25000002,0.01646954787637478,1,1,rescue,rescue,Cooperar,Cooperar,Liberar,Liberar,true,true,true,-2.37,true,true,true,true,17.735161218599803,0,20000002.91,true,16.18,-2.37,-763297.36,-18.55,true,true,continue,-1,-1,-1,-1
40,0.8058315685566333,0.024770744112471117,0.16938315708368676,0.000014530247208774028,0.8058315685566333,0.9383433421040539,0.85307799,0.82906264,0.78,0.8,0.53999989,0.25000002,0.01894919671774742,1,1,rescue,rescue,Cooperar,Cooperar,Liberar,Liberar,true,true,true,-2.37,true,true,true,true,17.96194236480377,0,20000002.85,true,16.18,-2.37,-767031.44,-18.55,true,true,continue,-1,-1,-1,-1
41,0.9383433421040537,0.00564039862652928,0.05601577176371604,4.875057008289466e-7,0.9383433421040537,0.93947744557516,0.7875435,0.80995612,0.78,0.8,0.53999989,0.25000002,0.006872588146264985,0,0,rescue,rescue,Cooperar,Cooperar,Liberar,Liberar,true,true,true,-2.37,true,true,true,true,16.722716507379136,0,20000002.45,true,16.18,-2.37,-701482.98,-18.55,true,true,continue,-1,-1,-1,-1
42,0.9394774455751601,0.005165691614021174,0.055356447013469305,4.157973494769564e-7,0.9394774455751601,0.940619066783815,0.78743006,0.80981449,0.78,0.8,0.53999989,0.25000002,0.00678914713307513,0,0,rescue,rescue,Cooperar,Cooperar,Liberar,Liberar,true,true,true,-2.37,true,true,true,true,16.70887280217509,0,20000002.45,true,16.18,-2.37,-701369.44,-18.55,true,true,continue,-1,-1,-1,-1
43,0.9406190667838151,0.004710385713642829,0.054670195632283425,3.5187025869212504e-7,0.9406190667838151,0.9417663033752264,0.78731435,0.80966959,0.78,0.8,0.53999989,0.25000002,0.00670176841458156,0,1,rescue,rescue,Cooperar,Cooperar,Liberar,Liberar,true,true,true,-2.37,true,true,true,true,16.695171971585324,0,20000002.459999997,true,16.18,-2.37,-701253.62,-18.55,true,true,continue,-1,-1,-1,-1
44,0.9417663033752262,0.004276110761050369,0.05395729046914377,2.95394579585502e-7,0.9417663033752262,0.9429174388725877,0.78719651,0.80952154,0.78,0.8,0.53999989,0.25000002,0.006610716742264711,0,1,rescue,rescue,Cooperar,Cooperar,Liberar,Liberar,true,true,true,-2.37,true,true,true,true,16.68164591893645,0,20000002.45,true,16.18,-2.37,-701135.68,-18.55,true,true,continue,-1,-1,-1,-1
45,0.9429174388725877,0.003864214714005396,0.053218100454716775,2.459586901134287e-7,0.9429174388725877,0.944070952932132,0.78707666,0.8093705,0.78,0.8,0.53999989,0.25000002,0.006516269409588604,0,1,rescue,rescue,Cooperar,Cooperar,Liberar,Liberar,true,true,true,-2.37,true,true,true,true,16.6683221548703,0,20000002.46,true,16.18,-2.37,-701015.72,-18.55,true,true,continue,-1,-1,-1,-1
46,0.9440709529321321,0.003475753117482856,0.05245309086327805,2.030871070528573e-7,0.9440709529321321,0.9452255260744666,0.78695493,0.80921661,0.78,0.8,0.53999989,0.25000002,0.006418710727721044,0,0,rescue,rescue,Cooperar,Cooperar,Liberar,Liberar,true,true,true,-2.37,true,true,true,true,16.655223606996884,0,20000002.46,true,16.18,-2.37,-700893.88,-18.55,true,true,continue,-1,-1,-1,-1
47,0.9452255260744666,0.0031114848247652898,0.05166282284214212,1.6625862598172833e-7,0.9452255260744666,0.9463800390485752,0.78683143,0.80906001,0.78,0.8,0.53999989,0.25000002,0.006318326678225267,0,0,rescue,rescue,Cooperar,Cooperar,Liberar,Liberar,true,true,true,-2.37,true,true,true,true,16.642368538031192,0,20000002.46,true,16.18,-2.37,-700770.27,-18.55,true,true,continue,-1,-1,-1,-1
48,0.9463800390485753,0.0027718738742327762,0.05084795215323582,1.349239562316804e-7,0.9463800390485753,0.9475335669858437,0.78670628,0.80890083,0.78,0.8,0.53999989,0.25000002,0.006215399847727371,0,0,rescue,rescue,Cooperar,Cooperar,Liberar,Liberar,true,true,true,-2.37,true,true,true,true,16.62977057014924,0,20000002.47,true,16.18,-2.37,-700645.01,-18.55,true,true,continue,-1,-1,-1,-1
49,0.9475335669858437,0.0024570973067378626,0.0500092271852016,1.0852221683047274e-7,0.9475335669858437,0.9486853686921998,0.78657958,0.80873919,0.78,0.8,0.53999989,0.25000002,0.0061102047074675925,0,0,rescue,rescue,Cooperar,Cooperar,Liberar,Liberar,true,true,true,-2.37,true,true,true,true,16.61743881209521,0,20000002.47,true,16.18,-2.37,-700518.19,-18.55,true,true,continue,-1,-1,-1,-1
50,0.9486853686921998,0.0021670585252623886,0.0491474862867649,8.649577304275599e-8,0.9486853686921998,0.9790022738206503,0.78645143,0.80857524,0.78,0.8,0.53999989,0.25000002,0.006003003592743056,1,1,rescue,rescue,Cooperar,Cooperar,Liberar,Liberar,true,true,true,-2.37,true,true,true,true,16.605378082165895,0,20000002.47,true,16.18,-2.37,-700389.93,-18.55,true,true,continue,-1,-1,-1,-1
51,0.9790022738206504,0.000656520882287561,0.020341201997808565,3.299253519607709e-9,0.9790022738206504,0.9794593484143395,0.7826612,0.80357996,0.78,0.8,0.53999989,0.25000002,0.0025328478763187445,0,0,rescue,rescue,Cooperar,Cooperar,Liberar,Liberar,true,true,true,-2.37,true,true,true,true,16.35166650036187,0,20000002.55,true,16.18,-2.37,-696596.17,-18.55,true,true,continue,-1,-1,-1,-1
52,0.9794593484143395,0.0005767515320800383,0.019963897440338576,2.6132420031769958e-9,0.9794593484143395,0.9799000130641083,0.78260775,0.80350948,0.78,0.8,0.53999989,0.25000002,0.0024779877052467647,0,0,rescue,rescue,Cooperar,Cooperar,Liberar,Liberar,true,true,true,-2.37,true,true,true,true,16.347248072629824,0,20000002.55,true,16.18,-2.37,-696542.67,-18.55,true,true,continue,-1,-1,-1,-1
53,0.9799000130641083,0.0005066798462629054,0.01959330501968197,2.069946791255764e-9,0.9799000130641083,0.980325536853971,0.78255576,0.80344079,0.78,0.8,0.53999989,0.25000002,0.002425148337232369,0,1,rescue,rescue,Cooperar,Cooperar,Liberar,Liberar,true,true,true,-2.37,true,true,true,true,16.343059414236674,0,20000002.55,true,16.18,-2.37,-696490.63,-18.55,true,true,continue,-1,-1,-1,-1
54,0.9803255368539712,0.00044512647260988515,0.019229335033757067,1.6396619511254662e-9,0.9803255368539712,0.980737048153096,0.78250514,0.80337382,0.78,0.8,0.53999989,0.25000002,0.0023741679045208436,0,0,rescue,rescue,Cooperar,Cooperar,Liberar,Liberar,true,true,true,-2.37,true,true,true,true,16.339078286109128,0,20000002.55,true,16.18,-2.37,-696439.96,-18.55,true,true,continue,-1,-1,-1,-1
55,0.9807370481530961,0.00039105545319441333,0.0188718950948416,1.298867883560115e-9,0.9807370481530961,0.9811355513731194,0.78245582,0.80330846,0.78,0.8,0.53999989,0.25000002,0.002324902599845302,0,0,rescue,rescue,Cooperar,Cooperar,Liberar,Liberar,true,true,true,-2.37,true,true,true,true,16.335285046459113,0,20000002.560000002,true,16.18,-2.37,-696390.6,-18.55,true,true,continue,-1,-1,-1,-1
56,0.9811355513731194,0.00034355681729382204,0.018520890780644426,1.0289424313023233e-9,0.9811355513731194,0.9815219417683831,0.78240773,0.80324465,0.78,0.8,0.53999989,0.25000002,0.002277224586159046,0,0,rescue,rescue,Cooperar,Cooperar,Liberar,Liberar,true,true,true,-2.37,true,true,true,true,16.331662338043667,0,20000002.560000002,true,16.18,-2.37,-696342.46,-18.55,true,true,continue,-1,-1,-1,-1
57,0.9815219417683833,0.00030183126970206257,0.018176226146774208,8.151405606528693e-10,0.9815219417683833,0.9818970184194008,0.78236081,0.80318232,0.78,0.8,0.53999989,0.25000002,0.0022310200797198143,0,1,rescue,rescue,Cooperar,Cooperar,Liberar,Liberar,true,true,true,-2.37,true,true,true,true,16.328194812598504,0,20000002.560000002,true,16.18,-2.37,-696295.5,-18.55,true,true,continue,-1,-1,-1,-1
58,0.9818970184194008,0.00026517674116935354,0.017837804193643086,6.457867474957274e-10,0.9818970184194008,0.9849045432310516,0.782315,0.80312139,0.78,0.8,0.53999989,0.25000002,0.0021861876853613293,1,0,rescue,rescue,Cooperar,Cooperar,Liberar,Liberar,true,true,true,-2.37,true,true,true,true,16.32486888891582,0,20000002.560000002,true,16.18,-2.37,-696249.65,-18.55,true,true,continue,-1,-1,-1,-1
59,0.9849045432310516,0.0001947092240772679,0.01490074730124426,2.4362697527681577e-10,0.9849045432310516,0.9852064271158473,0.7819326,0.8026091,0.78,0.8,0.53999989,0.25000002,0.001828478931474281,0,0,rescue,rescue,Cooperar,Cooperar,Liberar,Liberar,true,true,true,-2.37,true,true,true,true,16.300526256256727,0,20000002.56,true,16.18,-2.37,-695866.89,-18.55,true,true,continue,-1,-1,-1,-1
60,0.9852064271158473,0.00017108905015699122,0.014622483640916738,1.9307902550839158e-10,0.9852064271158473,0.9855003412346689,0.78189532,0.80255931,0.78,0.8,0.53999989,0.25000002,0.0017922242097928587,0,1,rescue,rescue,Cooperar,Cooperar,Liberar,Liberar,true,true,true,-2.37,true,true,true,true,16.297910582248978,0,20000002.57,true,16.18,-2.37,-695829.57,-18.55,true,true,continue,-1,-1,-1,-1
61,0.9855003412346689,0.00015033593430152146,0.014349322678006387,1.530232465014311e-10,0.9855003412346689,0.9857867197890074,0.78185887,0.80251059,0.78,0.8,0.53999989,0.25000002,0.0017569349916033983,0,1,rescue,rescue,Cooperar,Cooperar,Liberar,Liberar,true,true,true,-2.37,true,true,true,true,16.29538731687512,0,20000002.57,true,16.18,-2.37,-695793.09,-18.55,true,true,continue,-1,-1,-1,-1
62,0.9857867197890074,0.00013210166565263165,0.014081178424059195,1.2128082877784454e-10,0.9857867197890074,0.9860659540762756,0.78182322,0.8024629,0.78,0.8,0.53999989,0.25000002,0.0017225563753282963,0,0,rescue,rescue,Cooperar,Cooperar,Liberar,Liberar,true,true,true,-2.37,true,true,true,true,16.292949426799908,0,20000002.57,true,16.18,-2.37,-695757.41,-18.55,true,true,continue,-1,-1,-1,-1
63,0.9860659540762756,0.00011608034523479122,0.013817965482363899,9.612562313666186e-11,0.9860659540762756,0.9863383975189686,0.78178834,0.80241621,0.78,0.8,0.53999989,0.25000002,0.0016890390245123121,0,1,rescue,rescue,Cooperar,Cooperar,Liberar,Liberar,true,true,true,-2.37,true,true,true,true,16.29059065594733,0,20000002.57,true,16.18,-2.37,-695722.49,-18.55,true,true,continue,-1,-1,-1,-1
64,0.9863383975189687,0.00010200324306783483,0.013559599161773423,7.619005339554454e-11,0.9863383975189687,0.9959351387258192,0.7817542,0.80237048,0.78,0.8,0.53999989,0.25000002,0.0016563385067084463,1,1,rescue,rescue,Cooperar,Cooperar,Liberar,Liberar,true,true,true,-2.37,true,true,true,true,16.2883054324852,0,20000002.57,true,16.18,-2.37,-695688.32,-18.55,true,true,continue,-1,-1,-1,-1
65,0.9959351387258195,0.00002057887692124454,0.004044282395137595,2.1217251677091155e-12,0.9959351387258195,0.9960138050689847,0.78052298,0.80070943,0.78,0.8,0.53999989,0.25000002,0.0004975717313336764,0,1,rescue,rescue,Cooperar,Cooperar,Liberar,Liberar,true,true,true,-2.37,true,true,true,true,16.212123387090152,0,20000002.59,true,16.18,-2.37,-694455.94,-18.55,true,true,continue,-1,-1,-1,-1
66,0.9960138050689847,0.00001809170227799312,0.003968103227053928,1.6834995301777859e-12,0.9960138050689847,0.9960907408907002,0.780513,0.80069595,0.78,0.8,0.53999989,0.25000002,0.00048795502553451026,0,1,rescue,rescue,Cooperar,Cooperar,Liberar,Liberar,true,true,true,-2.37,true,true,true,true,16.21147996481259,0,20000002.59,true,16.18,-2.37,-694445.95,-18.55,true,true,continue,-1,-1,-1,-1
67,0.9960907408907003,0.000015905184332340158,0.0038933539236315324,1.3357969514958173e-12,0.9960907408907003,0.9961660090750126,0.78050322,0.80068273,0.78,0.8,0.53999989,0.25000002,0.00047855126178482366,0,1,rescue,rescue,Cooperar,Cooperar,Liberar,Liberar,true,true,true,-2.37,true,true,true,true,16.21085325696373,0,20000002.59,true,16.18,-2.37,-694436.16,-18.55,true,true,continue,-1,-1,-1,-1
68,0.9961660090750127,0.000013982971627711554,0.0038200079522996955,1.0599159230336033e-12,0.9961660090750127,0.996239667647115,0.78049365,0.80066978,0.78,0.8,0.53999989,0.25000002,0.00046935244937692036,0,0,rescue,rescue,Cooperar,Cooperar,Liberar,Liberar,true,true,true,-2.37,true,true,true,true,16.210242391485345,0,20000002.59,true,16.18,-2.37,-694426.59,-18.55,true,true,continue,-1,-1,-1,-1
69,0.9962396676471151,0.00001229310867450047,0.0037480392433693922,8.410190688114006e-13,0.9962396676471151,0.9981067143980896,0.78048426,0.80065708,0.78,0.8,0.53999989,0.25000002,0.00046035122828349054,1,1,rescue,rescue,Cooperar,Cooperar,Liberar,Liberar,true,true,true,-2.37,true,true,true,true,16.209646580223154,0,20000002.59,true,16.18,-2.37,-694417.19,-18.55,true,true,continue,-1,-1,-1,-1
70,0.9981067143980896,0.000004981528886048511,0.001888304072965339,5.898134639105888e-14,0.9981067143980896,0.9981429407347603,0.78024394,0.80033124,0.78,0.8,0.53999989,0.25000002,0.0002321650756702022,0,1,rescue,rescue,Cooperar,Cooperar,Liberar,Liberar,true,true,true,-2.37,true,true,true,true,16.194914149690117,0,20000002.6,true,16.18,-2.37,-694176.64,-18.55,true,true,continue,-1,-1,-1,-1
71,0.9981429407347603,0.00000437991272582323,0.0018526793524671294,4.6810303659954546e-14,0.9981429407347603,0.998178423295572,0.7802393,0.80032496,0.78,0.8,0.53999989,0.25000002,0.00022772440423302585,0,1,rescue,rescue,Cooperar,Cooperar,Liberar,Liberar,true,true,true,-2.37,true,true,true,true,16.194623510123147,0,20000002.6,true,16.18,-2.37,-694172,-18.55,true,true,continue,-1,-1,-1,-1
72,0.998178423295572,0.000003850959861417961,0.0018177257445294477,3.715095023288281e-14,0.998178423295572,0.9982131834511169,0.78023476,0.80031881,0.78,0.8,0.53999989,0.25000002,0.0002233752909881967,0,0,rescue,rescue,Cooperar,Cooperar,Liberar,Liberar,true,true,true,-2.37,true,true,true,true,16.194339465621553,0,20000002.6,true,16.18,-2.37,-694167.45,-18.55,true,true,continue,-1,-1,-1,-1
73,0.9982131834511169,0.0000033858931261486216,0.001783430655727542,2.948492677026598e-14,0.9982131834511169,0.9982472412780045,0.78023031,0.80031277,0.78,0.8,0.53999989,0.25000002,0.0002191150387981667,0,1,rescue,rescue,Cooperar,Cooperar,Liberar,Liberar,true,true,true,-2.37,true,true,true,true,16.194061757055888,0,20000002.6,true,16.18,-2.37,-694163,-18.55,true,true,continue,-1,-1,-1,-1
74,0.9982472412780045,0.000002976995703637189,0.0017497817262686136,2.340085966681007e-14,0.9982472412780045,0.9978179981258336,0.78022594,0.80030685,0.78,0.8,0.53999989,0.25000002,0.00021494112114072567,0,1,rescue,rescue,Cooperar,Cooperar,Liberar,Liberar,true,true,true,-2.37,true,true,true,true,16.19379014649271,0,20000002.6,true,16.18,-2.37,-694158.62,-18.55,true,true,rescue,-1,-1,-1,-1
75,0.9978179981258336,0.000009042203961379127,0.0021729596700466943,1.5837494851489588e-13,0.9978179981258336,0.9995021371923851,0.78028091,0.80038136,0.78,0.8,0.53999989,0.25000002,0.0002675375928554158,1,0,rescue,rescue,Cooperar,Cooperar,Liberar,Liberar,true,true,true,-2.37,true,true,true,true,16.197222844053886,0,20000002.6,true,16.18,-2.37,-694213.64,-18.55,true,true,continue,-1,-1,-1,-1
76,0.9995021371923851,0.0000015397262559867054,0.0004963230813555622,3.3560661411738385e-15,0.9995021371923851,0.9995116958044564,0.78006414,0.80008714,0.78,0.8,0.53999989,0.25000002,0.00006112296237460561,0,1,rescue,rescue,Cooperar,Cooperar,Liberar,Liberar,true,true,true,-2.37,true,true,true,true,16.183924251590067,0,20000002.599999998,true,16.18,-2.37,-693996.67,-18.55,true,true,continue,-1,-1,-1,-1
77,0.9995116958044564,0.0000013538660411580475,0.00048695032949970757,2.6639370620989705e-15,0.9995116958044564,0.9995210550516623,0.78006292,0.80008548,0.78,0.8,0.53999989,0.25000002,0.0000599481699272127,0,1,rescue,rescue,Cooperar,Cooperar,Liberar,Liberar,true,true,true,-2.37,true,true,true,true,16.183847281680478,0,20000002.599999998,true,16.18,-2.37,-693995.45,-18.55,true,true,continue,-1,-1,-1,-1
78,0.9995210550516624,0.0000011904415215703539,0.00047775450681385254,2.1145494897447034e-15,0.9995210550516624,0.9995302209786798,0.78006172,0.80008386,0.78,0.8,0.53999989,0.25000002,0.000058798064858859266,0,0,rescue,rescue,Cooperar,Cooperar,Liberar,Liberar,true,true,true,-2.37,true,true,true,true,16.18377211034067,0,20000002.599999998,true,16.18,-2.37,-693994.25,-18.55,true,true,continue,-1,-1,-1,-1
79,0.9995302209786798,0.0000010467443508028358,0.0004687322769678072,1.6784645912208295e-15,0.9995302209786798,0.9995391992403613,0.78006055,0.80008226,0.78,0.8,0.53999989,0.25000002,0.000057671877082074094,0,0,rescue,rescue,Cooperar,Cooperar,Liberar,Liberar,true,true,true,-2.37,true,true,true,true,16.18369866192604,0,20000002.599999998,true,16.18,-2.37,-693993.08,-18.55,true,true,continue,-1,-1,-1,-1
80,0.9995391992403613,9.203931371303909e-7,0.00045988036650024245,1.3323150822161361e-15,0.9995391992403613,0.9995479951428663,0.7800594,0.8000807,0.78,0.8,0.53999989,0.25000002,0.000056568888034244126,0,1,rescue,rescue,Cooperar,Cooperar,Liberar,Liberar,true,true,true,-2.37,true,true,true,true,16.183626867255708,0,20000002.599999998,true,16.18,-2.37,-693991.93,-18.55,true,true,continue,-1,-1,-1,-1
81,0.9995479951428663,8.092939621794686e-7,0.00045119556317041427,1.0575529611180122e-15,0.9995479951428663,0.9995566136790951,0.78005827,0.80007917,0.78,0.8,0.53999989,0.25000002,0.00005548842478891435,0,0,rescue,rescue,Cooperar,Cooperar,Liberar,Liberar,true,true,true,-2.37,true,true,true,true,16.183556662878633,0,20000002.599999998,true,16.18,-2.37,-693990.79,-18.55,true,true,continue,-1,-1,-1,-1
82,0.9995566136790951,7.116056845746641e-7,0.00044267471521942665,8.394555804973588e-16,0.9995566136790951,0.9995650595604564,0.78005716,0.80007767,0.78,0.8,0.53999989,0.25000002,0.00005442985566300393,0,0,rescue,rescue,Cooperar,Cooperar,Liberar,Liberar,true,true,true,-2.37,true,true,true,true,16.18348799043427,0,20000002.599999998,true,16.18,-2.37,-693989.68,-18.55,true,true,continue,-1,-1,-1,-1
83,0.9995650595604564,6.25709421173721e-7,0.0004343147301217752,6.663366816441449e-16,0.9995650595604564,0.9995733372448116,0.78005608,0.8000762,0.78,0.8,0.53999989,0.25000002,0.00005339258599288809,0,0,rescue,rescue,Cooperar,Cooperar,Liberar,Liberar,true,true,true,-2.37,true,true,true,true,16.183420796085485,0,20000002.599999998,true,16.18,-2.37,-693988.6,-18.55,true,true,continue,-1,-1,-1,-1
84,0.9995733372448117,5.501817152653407e-7,0.0004261125734725087,5.289201601517068e-16,0.9995733372448117,0.9995814509610981,0.78005502,0.80007476,0.78,0.8,0.53999989,0.25000002,0.000052376054062433595,0,1,rescue,rescue,Cooperar,Cooperar,Liberar,Liberar,true,true,true,-2.37,true,true,true,true,16.18335503001988,0,20000002.599999998,true,16.18,-2.37,-693987.54,-18.55,true,true,continue,-1,-1,-1,-1
85,0.9995814509610981,4.837709459385806e-7,0.00041806526795550654,4.1984299367326266e-16,0.9995814509610981,0.9995894047310107,0.78005397,0.80007334,0.78,0.8,0.53999989,0.25000002,0.00005137972797623555,0,0,rescue,rescue,Cooperar,Cooperar,Liberar,Liberar,true,true,true,-2.37,true,true,true,true,16.18329064601092,0,20000002.599999998,true,16.18,-2.37,-693986.49,-18.55,true,true,continue,-1,-1,-1,-1
86,0.9995894047310107,4.2537658505818514e-7,0.0004101698924039364,3.332606871291669e-16,0.9995894047310107,0.9994891619739414,0.78005295,0.80007195,0.78,0.8,0.53999989,0.25000002,0.00005040310340741249,0,0,rescue,rescue,Cooperar,Cooperar,Liberar,Liberar,true,true,true,-2.37,true,true,true,true,16.183227601031813,0,20000002.599999998,true,16.18,-2.37,-693985.47,-18.55,true,true,rescue,-1,-1,-1,-1
87,0.9994891619739414,0.0000012924766701680293,0.0005095455493861937,2.2563011374291455e-15,0.9994891619739414,0.9994989403669677,0.78006583,0.80008944,0.78,0.8,0.53999989,0.25000002,0.00006271222508513145,0,1,rescue,rescue,Cooperar,Cooperar,Liberar,Liberar,true,true,true,-2.37,true,true,true,true,16.18402353318667,0,20000002.599999998,true,16.18,-2.37,-693998.36,-18.55,true,true,continue,-1,-1,-1,-1
88,0.9994989403669675,0.0000011364611705013474,0.0004999231718600907,1.7909764269561877e-15,0.9994989403669675,0.9995085182867545,0.78006458,0.80008774,0.78,0.8,0.53999989,0.25000002,0.00006151081487979458,0,1,rescue,rescue,Cooperar,Cooperar,Liberar,Liberar,true,true,true,-2.37,true,true,true,true,16.18394514868007,0,20000002.599999998,true,16.18,-2.37,-693997.11,-18.55,true,true,continue,-1,-1,-1,-1
89,0.9995085182867546,9.992788349078522e-7,0.0004904824344090665,1.4216187230916187e-15,0.9995085182867546,0.9995644912173598,0.78006335,0.80008607,0.78,0.8,0.53999989,0.25000002,0.000060334187473638605,1,1,rescue,rescue,Cooperar,Cooperar,Liberar,Liberar,true,true,true,-2.37,true,true,true,true,16.183868533941634,0,20000002.599999998,true,16.18,-2.37,-693995.88,-18.55,true,true,continue,-1,-1,-1,-1
90,0.9995644912173596,7.627436953786008e-7,0.0004347460389443499,5.763596674959291e-16,0.9995644912173596,0.9995727935788604,0.78005614,0.80007629,0.78,0.8,0.53999989,0.25000002,0.00005346380867668216,0,0,rescue,rescue,Cooperar,Cooperar,Liberar,Liberar,true,true,true,-2.37,true,true,true,true,16.183426684105584,0,20000002.599999998,true,16.18,-2.37,-693988.66,-18.55,true,true,continue,-1,-1,-1,-1
91,0.9995727935788605,6.706749434855825e-7,0.0004265357461956024,4.574988045631481e-16,0.9995727935788605,0.999580929822974,0.78005508,0.80007484,0.78,0.8,0.53999989,0.25000002,0.00005244407022367064,0,0,rescue,rescue,Cooperar,Cooperar,Liberar,Liberar,true,true,true,-2.37,true,true,true,true,16.183360552132108,0,20000002.599999998,true,16.18,-2.37,-693987.6,-18.55,true,true,continue,-1,-1,-1,-1
92,0.9995809298229738,5.897197963332147e-7,0.0004184804572294329,3.63150575697645e-16,0.9995809298229738,0.9995889042152857,0.78005403,0.80007342,0.78,0.8,0.53999989,0.25000002,0.00005144482302009033,0,1,rescue,rescue,Cooperar,Cooperar,Liberar,Liberar,true,true,true,-2.37,true,true,true,true,16.183295839872727,0,20000002.599999998,true,16.18,-2.37,-693986.55,-18.55,true,true,continue,-1,-1,-1,-1
93,0.9995889042152857,5.185367013114087e-7,0.00041057724801277397,2.8825967692142785e-16,0.9995889042152857,0.999795376770845,0.78005301,0.80007203,0.78,0.8,0.53999989,0.25000002,0.00005046553010369832,1,0,rescue,rescue,Cooperar,Cooperar,Liberar,Liberar,true,true,true,-2.37,true,true,true,true,16.183232499877064,0,20000002.599999998,true,16.18,-2.37,-693985.53,-18.55,true,true,continue,-1,-1,-1,-1
94,0.999795376770845,1.8247979475939127e-7,0.000204440749360295,2.5761852203697703e-17,0.999795376770845,0.9997992603345252,0.78002639,0.80003587,0.78,0.8,0.53999989,0.25000002,0.000025121990048697666,0,0,rescue,rescue,Cooperar,Cooperar,Liberar,Liberar,true,true,true,-2.37,true,true,true,true,16.181608191963534,0,20000002.599999998,true,16.18,-2.37,-693958.88,-18.55,true,true,continue,-1,-1,-1,-1
95,0.9997992603345252,1.604549430154747e-7,0.00020057921053186434,2.044958503701136e-17,0.9997992603345252,0.9998030683124245,0.78002589,0.80003519,0.78,0.8,0.53999989,0.25000002,0.000024645058792541587,0,1,rescue,rescue,Cooperar,Cooperar,Liberar,Liberar,true,true,true,-2.37,true,true,true,true,16.181577476709933,0,20000002.599999998,true,16.18,-2.37,-693958.38,-18.55,true,true,continue,-1,-1,-1,-1
96,0.9998030683124245,1.4108846180808974e-7,0.00019679059911368042,1.6232750000005724e-17,0.9998030683124245,0.9998068024022241,0.7800254,0.80003452,0.78,0.8,0.53999989,0.25000002,0.00002417743163130319,0,1,rescue,rescue,Cooperar,Cooperar,Liberar,Liberar,true,true,true,-2.37,true,true,true,true,16.181547382478357,0,20000002.599999998,true,16.18,-2.37,-693957.89,-18.55,true,true,continue,-1,-1,-1,-1
97,0.9998068024022243,1.240594858328535e-7,0.0001930735382899525,1.2885458688837423e-17,0.9998068024022243,0.9998104642369645,0.78002492,0.80003387,0.78,0.8,0.53999989,0.25000002,0.000023718896911854512,0,0,rescue,rescue,Cooperar,Cooperar,Liberar,Liberar,true,true,true,-2.37,true,true,true,true,16.181517892601786,0,20000002.599999998,true,16.18,-2.37,-693957.41,-18.55,true,true,continue,-1,-1,-1,-1
98,0.9998104642369645,1.0908587834166905e-7,0.0001894266771571072,1.0228403277839432e-17,0.9998104642369645,0.9998020861485043,0.78002445,0.80003323,0.78,0.8,0.53999989,0.25000002,0.00002326925123356349,1,1,rescue,rescue,Cooperar,Cooperar,Liberar,Liberar,true,true,true,-2.37,true,true,true,true,16.181488991323818,0,20000002.599999998,true,16.18,-2.37,-693956.94,-18.55,true,true,continue,-1,-1,-1,-1
99,0.9998020861485044,9.13692743691242e-8,0.00019782248222127604,2.797327201061233e-18,0.9998020861485044,0.9998058337264925,0.78002553,0.8000347,0.78,0.8,0.53999989,0.25000002,0.00002429745282892014,0,0,rescue,rescue,Cooperar,Cooperar,Liberar,Liberar,true,true,true,-2.37,true,true,true,true,16.181554574888388,0,20000002.599999998,true,16.18,-2.37,-693958.02,-18.55,true,true,continue,-1,-1,-1,-1
100,0.9998058337264925,8.034125839661395e-8,0.00019408593224911358,2.220501135345375e-18,0.9998058337264925,0.9998095094055626,0.78002505,0.80003404,0.78,0.8,0.53999989,0.25000002,0.000023837327871289006,0,1,rescue,rescue,Cooperar,Cooperar,Liberar,Liberar,true,true,true,-2.37,true,true,true,true,16.18152504159953,0,20000002.599999998,true,16.18,-2.37,-693957.54,-18.55,true,true,continue,-1,-1,-1,-1
101,0.9998095094055627,7.06443060083793e-8,0.00019041995013139584,1.7626208801314317e-18,0.9998095094055627,0.9998131146787639,0.78002458,0.8000334,0.78,0.8,0.53999989,0.25000002,0.00002338604042935585,0,0,rescue,rescue,Cooperar,Cooperar,Liberar,Liberar,true,true,true,-2.37,true,true,true,true,16.18149608657356,0,20000002.599999998,true,16.18,-2.37,-693957.07,-18.55,true,true,continue,-1,-1,-1,-1
102,0.999813114678764,6.211775808466633e-8,0.000186823203477955,1.3991587598778606e-18,0.999813114678764,0.9999094216744527,0.78002411,0.80003277,0.78,0.8,0.53999989,0.25000002,0.00002294340554269761,1,1,rescue,rescue,Cooperar,Cooperar,Liberar,Liberar,true,true,true,-2.37,true,true,true,true,16.181467696417567,0,20000002.599999998,true,16.18,-2.37,-693956.6,-18.55,true,true,continue,-1,-1,-1,-1
103,0.9999094216744527,2.0255226736514663e-8,0.00009055807032051823,1.167603768088132e-19,0.9999094216744527,0.9999111347422178,0.78001169,0.80001588,0.78,0.8,0.53999989,0.25000002,0.000011120599846321149,0,0,rescue,rescue,Cooperar,Cooperar,Liberar,Liberar,true,true,true,-2.37,true,true,true,true,16.180711250712452,0,20000002.599999998,true,16.18,-2.37,-693944.17,-18.55,true,true,continue,-1,-1,-1,-1
104,0.9999111347422176,1.781057072369394e-8,0.00008884744721162128,9.268476757778142e-20,0.9999111347422176,0.9998972173596847,0.78001147,0.80001558,0.78,0.8,0.53999989,0.25000002,0.000010910269233129865,1,0,rescue,rescue,Cooperar,Cooperar,Liberar,Liberar,true,true,true,-2.37,true,true,true,true,16.18069777768163,0,20000002.599999998,true,16.18,-2.37,-693943.95,-18.55,true,true,continue,-1,-1,-1,-1
105,0.9998972173596847,1.4369742688273371e-8,0.00010276827057257039,3.1505240234619576e-20,0.9998972173596847,0.9998991603491308,0.78001326,0.80001802,0.78,0.8,0.53999989,0.25000002,0.000012618782588917545,0,0,rescue,rescue,Cooperar,Cooperar,Liberar,Liberar,true,true,true,-2.37,true,true,true,true,16.180806993315496,0,20000002.599999998,true,16.18,-2.37,-693945.74,-18.55,true,true,continue,-1,-1,-1,-1
106,0.9998991603491308,1.2635413524179311e-8,0.00010082701545564516,2.5008928645271245e-20,0.9998991603491308,0.9999010664622029,0.78001301,0.80001768,0.78,0.8,0.53999989,0.25000002,0.000012380236948967812,0,1,rescue,rescue,Cooperar,Cooperar,Liberar,Liberar,true,true,true,-2.37,true,true,true,true,16.180791722793977,0,20000002.599999998,true,16.18,-2.37,-693945.49,-18.55,true,true,continue,-1,-1,-1,-1
107,0.9999010664622029,1.1110407017567462e-8,0.00009892242739016899,1.9852146536123034e-20,0.9999010664622029,0.9999324241351817,0.78001277,0.80001735,0.78,0.8,0.53999989,0.25000002,0.000012146220073451855,1,0,rescue,rescue,Cooperar,Cooperar,Liberar,Liberar,true,true,true,-2.37,true,true,true,true,16.180776743931048,0,20000002.599999998,true,16.18,-2.37,-693945.25,-18.55,true,true,continue,-1,-1,-1,-1
108,0.9999324241351817,6.616295135335102e-9,0.000067569248523121,3.779986174650642e-21,0.9999324241351817,0.999933701322925,0.78000872,0.80001185,0.78,0.8,0.53999989,0.25000002,0.000008296526017104741,0,0,rescue,rescue,Cooperar,Cooperar,Liberar,Liberar,true,true,true,-2.37,true,true,true,true,16.180530539414452,0,20000002.599999998,true,16.18,-2.37,-693941.2,-18.55,true,true,continue,-1,-1,-1,-1
109,0.9999337013229248,5.817763785411869e-9,0.00006629285931126179,3.0005729591489176e-21,0.9999337013229248,0.9999349543042885,0.78000855,0.80001163,0.78,0.8,0.53999989,0.25000002,0.000008139719531687919,0,0,rescue,rescue,Cooperar,Cooperar,Liberar,Liberar,true,true,true,-2.37,true,true,true,true,16.18052050517796,0,20000002.599999998,true,16.18,-2.37,-693941.03,-18.55,true,true,continue,-1,-1,-1,-1
110,0.9999349543042885,5.1156087897101605e-9,0.00006504058010276746,2.3818709711999736e-21,0.9999349543042885,0.9998896720584611,0.78000839,0.80001141,0.78,0.8,0.53999989,0.25000002,0.000007985885633315665,0,1,rescue,rescue,Cooperar,Cooperar,Liberar,Liberar,true,true,true,-2.37,true,true,true,true,16.18051066196482,0,20000002.599999998,true,16.18,-2.37,-693940.87,-18.55,true,true,death,-1,-1,-1,-1
111,0.9998896720584611,2.933163280377604e-8,0.00011029860990608406,1.5630870439155562e-21,0.9998896720584611,0.9998917590881857,0.78001423,0.80001935,0.78,0.8,0.53999989,0.25000002,0.000013545221160432856,0,1,rescue,rescue,Cooperar,Cooperar,Liberar,Liberar,true,true,true,-2.37,true,true,true,true,16.180866379683376,0,20000002.599999998,true,16.18,-2.37,-693946.71,-18.55,true,true,continue,-1,-1,-1,-1
112,0.9998917590881857,2.5791496840418383e-8,0.00010821512031753834,1.2407808794346077e-21,0.9998917590881857,0.999865477706985,0.78001397,0.80001898,0.78,0.8,0.53999989,0.25000002,0.00001328897567604969,0,0,rescue,rescue,Cooperar,Cooperar,Liberar,Liberar,true,true,true,-2.37,true,true,true,true,16.180849959647226,0,20000002.599999998,true,16.18,-2.37,-693946.45,-18.55,true,true,rescue,-1,-1,-1,-1
113,0.999865477706985,7.83718373027159e-8,0.0001344439211777793,8.40124405938197e-21,0.999865477706985,0.999942376095969,0.78001735,0.80002358,0.78,0.8,0.53999989,0.25000002,0.000016515839839183156,1,0,rescue,rescue,Cooperar,Cooperar,Liberar,Liberar,true,true,true,-2.37,true,true,true,true,16.181056815850997,0,20000002.599999998,true,16.18,-2.37,-693949.84,-18.55,true,true,continue,-1,-1,-1,-1
114,0.9999423760959691,2.586096146453899e-8,0.000057598043069393985,9.88323619102094e-22,0.9999423760959691,0.9999283620324005,0.78000743,0.8000101,0.78,0.8,0.53999989,0.25000002,0.0000070749441363081225,0,1,rescue,rescue,Cooperar,Cooperar,Liberar,Liberar,true,true,true,-2.37,true,true,true,true,16.180452616859252,0,20000002.599999998,true,16.18,-2.37,-693939.91,-18.55,true,true,rescue,-1,-1,-1,-1
115,0.9999283620324005,7.858394857691519e-8,0.00007155938365083435,6.691963769557863e-21,0.9999283620324005,0.9999754335378771,0.78000924,0.80001256,0.78,0.8,0.53999989,0.25000002,0.000008795996501624083,1,1,rescue,rescue,Cooperar,Cooperar,Liberar,Liberar,true,true,true,-2.37,true,true,true,true,16.18056317610456,0,20000002.599999998,true,16.18,-2.37,-693941.72,-18.55,true,true,continue,-1,-1,-1,-1
116,0.9999754335378771,2.0338049841802137e-8,0.000024546124073128364,6.429225137011166e-22,0.9999754335378771,0.9999890826407188,0.78000317,0.80000431,0.78,0.8,0.53999989,0.25000002,0.0000030163685303525017,1,1,rescue,rescue,Cooperar,Cooperar,Liberar,Liberar,true,true,true,-2.37,true,true,true,true,16.18019305844677,0,20000002.599999998,true,16.18,-2.37,-693935.64,-18.55,true,true,continue,-1,-1,-1,-1
117,0.9999890826407188,7.053371874170294e-9,0.00001091030590935739,5.837421422178826e-23,0.9999890826407188,0.9999892895966277,0.78000141,0.80000191,0.78,0.8,0.53999989,0.25000002,0.00000134046314335083,0,0,rescue,rescue,Cooperar,Cooperar,Liberar,Liberar,true,true,true,-2.37,true,true,true,true,16.18008577469596,0,20000002.599999998,true,16.18,-2.37,-693933.88,-18.55,true,true,continue,-1,-1,-1,-1
118,0.9999892895966278,6.202106199576916e-9,0.000010704201266062211,4.633804928152394e-23,0.9999892895966278,0.9999894925563433,0.78000138,0.80000188,0.78,0.8,0.53999989,0.25000002,0.0000013150449060775511,0,1,rescue,rescue,Cooperar,Cooperar,Liberar,Liberar,true,true,true,-2.37,true,true,true,true,16.1800841412304,0,20000002.599999998,true,16.18,-2.37,-693933.85,-18.55,true,true,continue,-1,-1,-1,-1
119,0.9999894925563433,5.453579128130265e-9,0.000010501990077566285,3.6783618968027454e-23,0.9999894925563433,0.9999896916058109,0.78000136,0.80000184,0.78,0.8,0.53999989,0.25000002,0.0000012901184045818574,0,0,rescue,rescue,Cooperar,Cooperar,Liberar,Liberar,true,true,true,-2.37,true,true,true,true,16.18008254020446,0,20000002.599999998,true,16.18,-2.37,-693933.83,-18.55,true,true,continue,-1,-1,-1,-1
120,0.999989691605811,4.795391220749852e-9,0.000010303598797871557,2.919921484623054e-23,0.999989691605811,0.9999964095929228,0.78000133,0.80000181,0.78,0.8,0.53999989,0.25000002,0.0000012656729530720876,1,0,rescue,rescue,Cooperar,Cooperar,Liberar,Liberar,true,true,true,-2.37,true,true,true,true,16.18008097081441,0,20000002.599999998,true,16.18,-2.37,-693933.8,-18.55,true,true,continue,-1,-1,-1,-1
121,0.9999964095929226,1.094171511900209e-9,0.0000035893129057877413,2.451625071782145e-24,0.9999964095929226,0.999996477530389,0.78000046,0.80000063,0.78,0.8,0.53999989,0.25000002,4.4082781338200007e-7,0,1,rescue,rescue,Cooperar,Cooperar,Liberar,Liberar,true,true,true,-2.37,true,true,true,true,16.180028196085882,0,20000002.599999998,true,16.18,-2.37,-693932.93,-18.55,true,true,continue,-1,-1,-1,-1
122,0.9999964775303891,9.62117191086945e-10,0.000003521507493708346,1.9461266688026352e-24,0.9999964775303891,0.9999965441710148,0.78000045,0.80000062,0.78,0.8,0.53999989,0.25000002,4.3248530481000886e-7,0,0,rescue,rescue,Cooperar,Cooperar,Liberar,Liberar,true,true,true,-2.37,true,true,true,true,16.180027661402086,0,20000002.599999998,true,16.18,-2.37,-693932.92,-18.55,true,true,continue,-1,-1,-1,-1
123,0.9999965441710149,8.460003591372462e-10,0.0000034549829847320703,1.5448565441783106e-24,0.9999965441710149,0.999999149412932,0.78000045,0.80000061,0.78,0.8,0.53999989,0.25000002,4.243021893156321e-7,1,1,rescue,rescue,Cooperar,Cooperar,Liberar,Liberar,true,true,true,-2.37,true,true,true,true,16.1800271370644,0,20000002.599999998,true,16.18,-2.37,-693932.92,-18.55,true,true,continue,-1,-1,-1,-1
124,0.999999149412932,1.50986236898542e-10,8.504360817776515e-7,4.5192902403783216e-26,0.999999149412932,0.999999165496702,0.78000011,0.80000015,0.78,0.8,0.53999989,0.25000002,1.044334131226836e-7,0,0,rescue,rescue,Cooperar,Cooperar,Liberar,Liberar,true,true,true,-2.37,true,true,true,true,16.18000667868025,0,20000002.599999998,true,16.18,-2.37,-693932.58,-18.55,true,true,continue,-1,-1,-1,-1
125,0.999999165496702,1.327638966186822e-10,8.343705341840426e-7,3.5874628690988046e-26,0.999999165496702,0.9999995986012654,0.78000011,0.80000015,0.78,0.8,0.53999989,0.25000002,1.0245851422712886e-7,1,0,rescue,rescue,Cooperar,Cooperar,Liberar,Liberar,true,true,true,-2.37,true,true,true,true,16.180006552232964,0,20000002.599999998,true,16.18,-2.37,-693932.58,-18.55,true,true,continue,-1,-1,-1,-1
126,0.9999995986012654,5.035072005789373e-11,4.013483838692625e-7,1.301044851269964e-27,0.9999995986012654,0.9999998491224182,0.78000005,0.80000007,0.78,0.8,0.53999989,0.25000002,4.9282726891637614e-8,1,0,rescue,rescue,Cooperar,Cooperar,Liberar,Liberar,true,true,true,-2.37,true,true,true,true,16.18000315150422,0,20000002.599999998,true,16.18,-2.37,-693932.52,-18.55,true,true,continue,-1,-1,-1,-1
127,0.9999998491224182,1.6079674617717773e-11,1.5086150204889695e-7,2.0112388142258492e-28,0.9999998491224182,0.9999998519742778,0.78000002,0.80000003,0.78,0.8,0.53999989,0.25000002,1.8524339436220485e-8,0,0,rescue,rescue,Cooperar,Cooperar,Liberar,Liberar,true,true,true,-2.37,true,true,true,true,16.180001184556406,0,20000002.599999998,true,16.18,-2.37,-693932.49,-18.55,true,true,continue,-1,-1,-1,-1
128,0.9999998519742778,1.4139039249945154e-11,1.4801158320861806e-7,1.596543866155237e-28,0.9999998519742778,0.9999998547720653,0.78000002,0.80000003,0.78,0.8,0.53999989,0.25000002,1.8174178128714516e-8,0,1,rescue,rescue,Cooperar,Cooperar,Liberar,Liberar,true,true,true,-2.37,true,true,true,true,16.180001162149107,0,20000002.599999998,true,16.18,-2.37,-693932.49,-18.55,true,true,continue,-1,-1,-1,-1
129,0.9999998547720653,1.2432616682454615e-11,1.452155020678271e-7,1.2673543780036925e-28,0.9999998547720653,0.9999998575168264,0.78000002,0.80000003,0.78,0.8,0.53999989,0.25000002,1.7830658351690726e-8,0,1,rescue,rescue,Cooperar,Cooperar,Liberar,Liberar,true,true,true,-2.37,true,true,true,true,16.18000114016871,0,20000002.599999998,true,16.18,-2.37,-693932.49,-18.55,true,true,continue,-1,-1,-1,-1
130,0.9999998575168262,1.0932140072052775e-11,1.4247224158105662e-7,1.0060400803317363e-28,0.9999998575168262,0.9999998602095833,0.78000002,0.80000002,0.78,0.8,0.53999989,0.25000002,1.7493650960082503e-8,0,1,rescue,rescue,Cooperar,Cooperar,Liberar,Liberar,true,true,true,-2.37,true,true,true,true,16.180001118606715,0,20000002.599999998,true,16.18,-2.37,-693932.49,-18.55,true,true,continue,-1,-1,-1,-1
131,0.9999998602095833,9.612754094135913e-12,1.3978080395646312e-7,7.98605872798742e-29,0.9999998602095833,0.9999998628513371,0.78000002,0.80000002,0.78,0.8,0.53999989,0.25000002,1.7163030452869933e-8,0,0,rescue,rescue,Cooperar,Cooperar,Liberar,Liberar,true,true,true,-2.37,true,true,true,true,16.18000109745484,0,20000002.599999998,true,16.18,-2.37,-693932.49,-18.55,true,true,continue,-1,-1,-1,-1
132,0.9999998628513372,8.45260311893008e-12,1.3714021016930883e-7,6.339422777528014e-29,0.9999998628513372,0.9999998654430677,0.78000002,0.80000002,0.78,0.8,0.53999989,0.25000002,1.6838673596847778e-8,0,1,rescue,rescue,Cooperar,Cooperar,Liberar,Liberar,true,true,true,-2.37,true,true,true,true,16.180001076704997,0,20000002.599999998,true,16.18,-2.37,-693932.49,-18.55,true,true,continue,-1,-1,-1,-1
133,0.9999998654430677,7.432469278097644e-12,1.345494997310163e-7,5.0323047349238e-29,0.9999998654430677,0.9999998679857343,0.78000002,0.80000002,0.78,0.8,0.53999989,0.25000002,1.6520459957154393e-8,0,1,rescue,rescue,Cooperar,Cooperar,Liberar,Liberar,true,true,true,-2.37,true,true,true,true,16.180001056349287,0,20000002.599999998,true,16.18,-2.37,-693932.49,-18.55,true,true,continue,-1,-1,-1,-1
134,0.9999998679857343,6.535454083185129e-12,1.3200773029754335e-7,3.9946998066863185e-29,0.9999998679857343,0.9999998704802759,0.78000002,0.80000002,0.78,0.8,0.53999989,0.25000002,1.6208271641079836e-8,0,0,rescue,rescue,Cooperar,Cooperar,Liberar,Liberar,true,true,true,-2.37,true,true,true,true,16.180001036380023,0,20000002.599999998,true,16.18,-2.37,-693932.49,-18.55,true,true,continue,-1,-1,-1,-1
135,0.9999998704802759,5.746698502640553e-12,1.2951397732661556e-7,3.1710374043978444e-29,0.9999998704802759,0.9999998729276132,0.78000002,0.80000002,0.78,0.8,0.53999989,0.25000002,1.590199291535775e-8,0,1,rescue,rescue,Cooperar,Cooperar,Liberar,Liberar,true,true,true,-2.37,true,true,true,true,16.180001016789653,0,20000002.599999998,true,16.18,-2.37,-693932.49,-18.55,true,true,continue,-1,-1,-1,-1
136,0.9999998729276132,5.053136822376294e-12,1.2706733374143507e-7,2.517204973145847e-29,0.9999998729276132,0.9999999682300851,0.78000002,0.80000002,0.78,0.8,0.53999989,0.25000002,1.5601510822120523e-8,1,0,rescue,rescue,Cooperar,Cooperar,Liberar,Liberar,true,true,true,-2.37,true,true,true,true,16.180000997570843,0,20000002.599999998,true,16.18,-2.37,-693932.49,-18.55,true,true,continue,-1,-1,-1,-1
137,0.9999999682300851,9.25588972479257e-13,3.176898931608299e-8,1.28483610362298e-30,0.9999999682300851,0.9999999688303437,0.78,0.80000001,0.78,0.8,0.53999989,0.25000002,3.900597329123675e-9,0,1,rescue,rescue,Cooperar,Cooperar,Liberar,Liberar,true,true,true,-2.37,true,true,true,true,16.18000024940347,0,20000002.599999998,true,16.18,-2.37,-693932.47,-18.55,true,true,continue,-1,-1,-1,-1
138,0.9999999688303435,8.138808279063718e-13,3.116884251023422e-8,1.0199172835744737e-30,0.9999999688303435,0.9999999694192513,0.78,0.80000001,0.78,0.8,0.53999989,0.25000002,3.826898692045849e-9,0,0,rescue,rescue,Cooperar,Cooperar,Liberar,Liberar,true,true,true,-2.37,true,true,true,true,16.180000244690273,0,20000002.599999998,true,16.18,-2.37,-693932.47,-18.55,true,true,continue,-1,-1,-1,-1
139,0.9999999694192513,7.156545958534389e-13,3.0580033055220236e-8,8.096217582840973e-31,0.9999999694192513,0.999999969997024,0.78,0.80000001,0.78,0.8,0.53999989,0.25000002,3.754593775329175e-9,0,1,rescue,rescue,Cooperar,Cooperar,Liberar,Liberar,true,true,true,-2.37,true,true,true,true,16.18000024006633,0,20000002.599999998,true,16.18,-2.37,-693932.47,-18.55,true,true,continue,-1,-1,-1,-1
140,0.999999969997024,6.292831616121625e-13,3.000234677758403e-8,6.426868159175295e-31,0.999999969997024,0.999999970563873,0.78,0.80000001,0.78,0.8,0.53999989,0.25000002,3.6836561274335307e-9,0,0,rescue,rescue,Cooperar,Cooperar,Liberar,Liberar,true,true,true,-2.37,true,true,true,true,16.180000235529914,0,20000002.599999998,true,16.18,-2.37,-693932.47,-18.55,true,true,continue,-1,-1,-1,-1
141,0.9999999705638731,5.53335784858665e-13,2.9435573549810578e-8,5.101719897265434e-31,0.9999999705638731,0.9999999853185093,0.78,0.80000001,0.78,0.8,0.53999989,0.25000002,3.614059877238272e-9,1,0,rescue,rescue,Cooperar,Cooperar,Liberar,Liberar,true,true,true,-2.37,true,true,true,true,16.180000231079354,0,20000002.599999998,true,16.18,-2.37,-693932.47,-18.55,true,true,continue,-1,-1,-1,-1
142,0.9999999853185093,1.9697343736662478e-13,1.4681293782814502e-8,3.50051990834871e-32,0.9999999853185093,0.9999999855958769,0.78,0.8,0.78,0.8,0.53999989,0.25000002,1.8025387870539864e-9,0,0,rescue,rescue,Cooperar,Cooperar,Liberar,Liberar,true,true,true,-2.37,true,true,true,true,16.18000011525175,0,20000002.599999998,true,16.18,-2.37,-693932.47,-18.55,true,true,continue,-1,-1,-1,-1
143,0.9999999855958769,1.7320096661234193e-13,1.4403950002802792e-8,2.7787519092905367e-32,0.9999999855958769,0.9999999858680021,0.78,0.8,0.78,0.8,0.53999989,0.25000002,1.7684843566187132e-9,0,1,rescue,rescue,Cooperar,Cooperar,Liberar,Liberar,true,true,true,-2.37,true,true,true,true,16.18000011307417,0,20000002.599999998,true,16.18,-2.37,-693932.47,-18.55,true,true,continue,-1,-1,-1,-1
144,0.9999999858680022,1.5229756476989462e-13,1.4131845513848225e-8,2.205804387779571e-32,0.9999999858680022,0.9999999861349848,0.78,0.8,0.78,0.8,0.53999989,0.25000002,1.7350736821957651e-9,0,1,rescue,rescue,Cooperar,Cooperar,Liberar,Liberar,true,true,true,-2.37,true,true,true,true,16.180000110937765,0,20000002.599999998,true,16.18,-2.37,-693932.47,-18.55,true,true,continue,-1,-1,-1,-1
145,0.9999999861349848,1.3391696760350623e-13,1.3864881340700625e-8,1.7509922281492377e-32,0.9999999861349848,0.9999999863969217,0.78,0.8,0.78,0.8,0.53999989,0.25000002,1.7022943466896642e-9,0,1,rescue,rescue,Cooperar,Cooperar,Liberar,Liberar,true,true,true,-2.37,true,true,true,true,16.180000108841764,0,20000002.599999998,true,16.18,-2.37,-693932.47,-18.55,true,true,continue,-1,-1,-1,-1
146,0.9999999863969218,1.1775470106251566e-13,1.3602960377847437e-8,1.3899572419065974e-32,0.9999999863969218,0.9999999866539091,0.78,0.8,0.78,0.8,0.53999989,0.25000002,1.6701347137706275e-9,0,1,rescue,rescue,Cooperar,Cooperar,Liberar,Liberar,true,true,true,-2.37,true,true,true,true,16.18000010678539,0,20000002.599999998,true,16.18,-2.37,-693932.47,-18.55,true,true,continue,-1,-1,-1,-1
147,0.9999999866539091,1.0354303767770457e-13,1.334598735419259e-8,1.1033636262115772e-32,0.9999999866539091,0.9999999869060402,0.78,0.8,0.78,0.8,0.53999989,0.25000002,1.6385826026900393e-9,0,1,rescue,rescue,Cooperar,Cooperar,Liberar,Liberar,true,true,true,-2.37,true,true,true,true,16.180000104767892,0,20000002.599999998,true,16.18,-2.37,-693932.47,-18.55,true,true,continue,-1,-1,-1,-1
148,0.9999999869060402,9.104656166366259e-14,1.3093868798402614e-8,8.758624042067166e-33,0.9999999869060402,0.9999999871534069,0.78,0.8,0.78,0.8,0.53999989,0.25000002,1.6076267186269249e-9,0,0,rescue,rescue,Cooperar,Cooperar,Liberar,Liberar,true,true,true,-2.37,true,true,true,true,16.180000102788537,0,20000002.599999998,true,16.18,-2.37,-693932.47,-18.55,true,true,continue,-1,-1,-1,-1
149,0.999999987153407,8.00582692632414e-14,1.2846513004907387e-8,6.952693861524955e-33,0.999999987153407,0.9999999873960996,0.78,0.8,0.78,0.8,0.53999989,0.25000002,1.5772558746654252e-9,0,1,rescue,rescue,Cooperar,Cooperar,Liberar,Liberar,true,true,true,-2.37,true,true,true,true,16.180000100846588,0,20000002.599999998,true,16.18,-2.37,-693932.47,-18.55,true,true,continue,-1,-1,-1,-1
150,0.9999999873960996,7.039613973641924e-14,1.260383000054319e-8,5.519126257696054e-33,0.9999999873960996,0.9999999876342066,0.78,0.8,0.78,0.8,0.53999989,0.25000002,1.5474588727749148e-9,0,1,rescue,rescue,Cooperar,Cooperar,Liberar,Liberar,true,true,true,-2.37,true,true,true,true,16.18000009894135,0,20000002.599999998,true,16.18,-2.37,-693932.47,-18.55,true,true,continue,-1,-1,-1,-1
151,0.9999999876342066,6.190012019210739e-14,1.2365731511825867e-8,4.3811442377486366e-33,0.9999999876342066,0.9999999846364905,0.78,0.8,0.78,0.8,0.53999989,0.25000002,1.5182250024450364e-9,0,1,rescue,rescue,Cooperar,Cooperar,Liberar,Liberar,true,true,true,-2.37,true,true,true,true,16.18000009707212,0,20000002.599999998,true,16.18,-2.37,-693932.47,-18.55,true,true,rescue,-1,-1,-1,-1
152,0.9999999846364906,1.880992995025575e-13,1.536332131915111e-8,2.9665296257853135e-32,0.9999999846364906,0.9999999849267412,0.78,0.8,0.78,0.8,0.53999989,0.25000002,1.886274250915785e-9,0,0,rescue,rescue,Cooperar,Cooperar,Liberar,Liberar,true,true,true,-2.37,true,true,true,true,16.180000120605506,0,20000002.599999998,true,16.18,-2.37,-693932.47,-18.55,true,true,continue,-1,-1,-1,-1
153,0.9999999849267412,1.6539783703285906e-13,1.507309338226964e-8,2.354864442297271e-32,0.9999999849267412,0.9999999852115063,0.78,0.8,0.78,0.8,0.53999989,0.25000002,1.8506381454713094e-9,0,0,rescue,rescue,Cooperar,Cooperar,Liberar,Liberar,true,true,true,-2.37,true,true,true,true,16.180000118326802,0,20000002.599999998,true,16.18,-2.37,-693932.47,-18.55,true,true,continue,-1,-1,-1,-1
154,0.9999999852115065,1.4543618486269906e-13,1.47883481305674e-8,1.8693177689393946e-32,0.9999999852115065,0.9999999854908901,0.78,0.8,0.78,0.8,0.53999989,0.25000002,1.8156755967419973e-9,0,0,rescue,rescue,Cooperar,Cooperar,Liberar,Liberar,true,true,true,-2.37,true,true,true,true,16.18000011609119,0,20000002.599999998,true,16.18,-2.37,-693932.47,-18.55,true,true,continue,-1,-1,-1,-1
155,0.9999999854908901,1.2788367881196174e-13,1.4508981990845281e-8,1.4838853814637683e-32,0.9999999854908901,0.9999999970040601,0.78,0.8,0.78,0.8,0.53999989,0.25000002,1.7813737959823354e-9,1,1,rescue,rescue,Cooperar,Cooperar,Liberar,Liberar,true,true,true,-2.37,true,true,true,true,16.180000113897844,0,20000002.599999998,true,16.18,-2.37,-693932.47,-18.55,true,true,continue,-1,-1,-1,-1
156,0.9999999970040601,1.8601996864445235e-14,2.9959212996108026e-9,3.4923370718816905e-34,0.9999999970040601,0.9999999970606581,0.78,0.8,0.78,0.8,0.53999989,0.25000002,3.678302540283564e-10,0,0,rescue,rescue,Cooperar,Cooperar,Liberar,Liberar,true,true,true,-2.37,true,true,true,true,16.180000023518318,0,20000002.599999998,true,16.18,-2.37,-693932.47,-18.55,true,true,continue,-1,-1,-1,-1
157,0.9999999970606582,1.6356945790276857e-14,2.9393254600567186e-9,2.772256281442704e-34,0.9999999970606582,0.9999999971161868,0.78,0.8,0.78,0.8,0.53999989,0.25000002,3.608811610144691e-10,0,1,rescue,rescue,Cooperar,Cooperar,Liberar,Liberar,true,true,true,-2.37,true,true,true,true,16.180000023074005,0,20000002.599999998,true,16.18,-2.37,-693932.47,-18.55,true,true,continue,-1,-1,-1,-1
158,0.9999999971161868,1.438284704246716e-14,2.8837987704319095e-9,2.200648085165894e-34,0.9999999971161868,0.9999999971706663,0.78,0.8,0.78,0.8,0.53999989,0.25000002,3.540636389928886e-10,0,1,rescue,rescue,Cooperar,Cooperar,Liberar,Liberar,true,true,true,-2.37,true,true,true,true,16.18000002263808,0,20000002.599999998,true,16.18,-2.37,-693932.47,-18.55,true,true,continue,-1,-1,-1,-1
159,0.9999999971706663,1.2646999733272816e-14,2.8293210334643905e-9,1.7468990970124084e-34,0.9999999971706663,0.9999999972241164,0.78,0.8,0.78,0.8,0.53999989,0.25000002,3.473747470822222e-10,0,1,rescue,rescue,Cooperar,Cooperar,Liberar,Liberar,true,true,true,-2.37,true,true,true,true,16.1800000222104,0,20000002.599999998,true,16.18,-2.37,-693932.47,-18.55,true,true,continue,-1,-1,-1,-1
160,0.9999999972241165,1.1120649603028916e-14,2.775872433428093e-9,1.3867080682777957e-34,0.9999999972241165,0.9999999972765566,0.78,0.8,0.78,0.8,0.53999989,0.25000002,3.4081232426070536e-10,0,0,rescue,rescue,Cooperar,Cooperar,Liberar,Liberar,true,true,true,-2.37,true,true,true,true,16.1800000217908,0,20000002.599999998,true,16.18,-2.37,-693932.47,-18.55,true,true,continue,-1,-1,-1,-1
161,0.9999999972765568,9.778512706682808e-15,2.723433528935096e-9,1.1007843955689757e-34,0.9999999972765568,0.9999999985679597,0.78,0.8,0.78,0.8,0.53999989,0.25000002,3.343739253430272e-10,1,1,rescue,rescue,Cooperar,Cooperar,Liberar,Liberar,true,true,true,-2.37,true,true,true,true,16.180000021379133,0,20000002.599999998,true,16.18,-2.37,-693932.47,-18.55,true,true,continue,-1,-1,-1,-1
162,0.9999999985679597,4.172032317344538e-15,1.432036116037146e-9,1.5240826484623708e-35,0.9999999985679597,0.9999999985950128,0.78,0.8,0.78,0.8,0.53999989,0.25000002,1.7582039923369e-10,0,0,rescue,rescue,Cooperar,Cooperar,Liberar,Liberar,true,true,true,-2.37,true,true,true,true,16.180000011241557,0,20000002.599999998,true,16.18,-2.37,-693932.47,-18.55,true,true,continue,-1,-1,-1,-1
163,0.9999999985950128,3.668515103263172e-15,1.4049835741717163e-9,1.2098338758681945e-35,0.9999999985950128,0.9999999986215546,0.78,0.8,0.78,0.8,0.53999989,0.25000002,1.7249893597878822e-10,0,1,rescue,rescue,Cooperar,Cooperar,Liberar,Liberar,true,true,true,-2.37,true,true,true,true,16.18000001102919,0,20000002.599999998,true,16.18,-2.37,-693932.47,-18.55,true,true,continue,-1,-1,-1,-1
164,0.9999999986215548,3.2257667340959198e-15,1.378442080884026e-9,9.603796806388537e-36,0.9999999986215548,0.9999999986475953,0.78,0.8,0.78,0.8,0.53999989,0.25000002,1.6924018570526373e-10,0,0,rescue,rescue,Cooperar,Cooperar,Liberar,Liberar,true,true,true,-2.37,true,true,true,true,16.18000001082083,0,20000002.599999998,true,16.18,-2.37,-693932.47,-18.55,true,true,continue,-1,-1,-1,-1
165,0.999999998647595,2.8364530961147752e-15,1.3524019819741328e-9,7.62360146612399e-36,0.999999998647595,0.9999999986731435,0.78,0.8,0.78,0.8,0.53999989,0.25000002,1.660431374110317e-10,0,1,rescue,rescue,Cooperar,Cooperar,Liberar,Liberar,true,true,true,-2.37,true,true,true,true,16.180000010616403,0,20000002.599999998,true,16.18,-2.37,-693932.47,-18.55,true,true,continue,-1,-1,-1,-1
166,0.9999999986731437,2.4941252203439396e-15,1.3268538056192323e-9,6.051700227101616e-36,0.9999999986731437,0.9999999985653587,0.78,0.8,0.78,0.8,0.53999989,0.25000002,1.6290628499242686e-10,1,1,rescue,rescue,Cooperar,Cooperar,Liberar,Liberar,true,true,true,-2.37,true,true,true,true,16.18000001041585,0,20000002.599999998,true,16.18,-2.37,-693932.47,-18.55,true,true,rescue,-1,-1,-1,-1
167,0.9999999985653587,6.1941728104235194e-15,1.4346350452905177e-9,1.113139598520023e-35,0.9999999985653587,0.9999999987125446,0.78,0.8,0.78,0.8,0.53999989,0.25000002,1.76139849193638e-10,1,0,rescue,rescue,Cooperar,Cooperar,Liberar,Liberar,true,true,true,-2.37,true,true,true,true,16.180000011261995,0,20000002.599999998,true,16.18,-2.37,-693932.47,-18.55,true,true,continue,-1,-1,-1,-1
168,0.9999999987125446,3.5456587655152188e-15,1.2874517889491198e-9,2.237178005385112e-36,0.9999999987125446,0.9999999987368665,0.78,0.8,0.78,0.8,0.53999989,0.25000002,1.5806888922595692e-10,0,1,rescue,rescue,Cooperar,Cooperar,Liberar,Liberar,true,true,true,-2.37,true,true,true,true,16.18000001010656,0,20000002.599999998,true,16.18,-2.37,-693932.47,-18.55,true,true,continue,-1,-1,-1,-1
169,0.9999999987368663,3.1177377697192764e-15,1.2631305843124727e-9,1.775896956759809e-36,0.9999999987368663,0.9999999987607285,0.78,0.8,0.78,0.8,0.53999989,0.25000002,1.5508275392036905e-10,0,0,rescue,rescue,Cooperar,Cooperar,Liberar,Liberar,true,true,true,-2.37,true,true,true,true,16.18000000991563,0,20000002.599999998,true,16.18,-2.37,-693932.47,-18.55,true,true,continue,-1,-1,-1,-1
170,0.9999999987607283,2.7414620084900384e-15,1.239268830662124e-9,1.409726894076271e-36,0.9999999987607283,0.9999999987841397,0.78,0.8,0.78,0.8,0.53999989,0.25000002,1.5215297844969456e-10,0,0,rescue,rescue,Cooperar,Cooperar,Liberar,Liberar,true,true,true,-2.37,true,true,true,true,16.18000000972831,0,20000002.599999998,true,16.18,-2.37,-693932.47,-18.55,true,true,continue,-1,-1,-1,-1
171,0.9999999987841397,2.4105984848968107e-15,1.2158578485263353e-9,1.1190569972635083e-36,0.9999999987841397,0.9999999988071087,0.78,0.8,0.78,0.8,0.53999989,0.25000002,1.492786678134839e-10,0,1,rescue,rescue,Cooperar,Cooperar,Liberar,Liberar,true,true,true,-2.37,true,true,true,true,16.180000009544525,0,20000002.599999998,true,16.18,-2.37,-693932.47,-18.55,true,true,continue,-1,-1,-1,-1
172,0.9999999988071088,2.1196664543911893e-15,1.19288912239695e-9,8.883199777105998e-37,0.9999999988071088,0.9999999988296439,0.78,0.8,0.78,0.8,0.53999989,0.25000002,1.464585987101846e-10,0,1,rescue,rescue,Cooperar,Cooperar,Liberar,Liberar,true,true,true,-2.37,true,true,true,true,16.18000000936422,0,20000002.599999998,true,16.18,-2.37,-693932.47,-18.55,true,true,continue,-1,-1,-1,-1
173,0.9999999988296439,1.863846636434642e-15,1.170354297631962e-9,7.051583473666468e-37,0.9999999988296439,0.9999999993059611,0.78,0.8,0.78,0.8,0.53999989,0.25000002,1.4369185798519768e-10,1,1,rescue,rescue,Cooperar,Cooperar,Liberar,Liberar,true,true,true,-2.37,true,true,true,true,16.180000009187317,0,20000002.599999998,true,16.18,-2.37,-693932.47,-18.55,true,true,continue,-1,-1,-1,-1
174,0.9999999993059611,8.73951926564264e-16,6.940381364871039e-10,8.260682156960545e-38,0.9999999993059611,0.999999999319072,0.78,0.8,0.78,0.8,0.53999989,0.25000002,8.521140960104731e-11,0,1,rescue,rescue,Cooperar,Cooperar,Liberar,Liberar,true,true,true,-2.37,true,true,true,true,16.180000005448214,0,20000002.599999998,true,16.18,-2.37,-693932.47,-18.55,true,true,continue,-1,-1,-1,-1
175,0.9999999993190721,7.684757926618622e-16,6.809270874382335e-10,6.557422014622608e-38,0.9999999993190721,0.9999999993319357,0.78,0.8,0.78,0.8,0.53999989,0.25000002,8.360168824791719e-11,0,1,rescue,rescue,Cooperar,Cooperar,Liberar,Liberar,true,true,true,-2.37,true,true,true,true,16.18000000534529,0,20000002.599999998,true,16.18,-2.37,-693932.47,-18.55,true,true,continue,-1,-1,-1,-1
176,0.9999999993319355,6.757294376920239e-16,6.680637187371853e-10,5.20535503736994e-38,0.9999999993319355,0.9999999988670127,0.78,0.8,0.78,0.8,0.53999989,0.25000002,8.20223582356021e-11,0,0,rescue,rescue,Cooperar,Cooperar,Liberar,Liberar,true,true,true,-2.37,true,true,true,true,16.180000005244313,0,20000002.599999998,true,16.18,-2.37,-693932.47,-18.55,true,true,death,-1,-1,-1,-1
177,0.9999999988670127,3.874644596239752e-15,1.1329833338157909e-9,3.416140030646508e-38,0.9999999988670127,0.9999999985923573,0.78,0.8,0.78,0.8,0.53999989,0.25000002,1.391039040203034e-10,0,1,rescue,rescue,Cooperar,Cooperar,Liberar,Liberar,true,true,true,-2.37,true,true,true,true,16.18000000889399,0,20000002.599999998,true,16.18,-2.37,-693932.47,-18.55,true,true,rescue,-1,-1,-1,-1
178,0.9999999985923573,1.1774095657597943e-14,1.4076310032614914e-9,2.313112758768104e-37,0.9999999985923573,0.9999999986189503,0.78,0.8,0.78,0.8,0.53999989,0.25000002,1.7282499126200622e-10,0,1,rescue,rescue,Cooperar,Cooperar,Liberar,Liberar,true,true,true,-2.37,true,true,true,true,16.18000001105012,0,20000002.599999998,true,16.18,-2.37,-693932.47,-18.55,true,true,continue,-1,-1,-1,-1
179,0.9999999986189503,1.0353095197171378e-14,1.381039497487813e-9,1.8361748144581634e-37,0.9999999986189503,0.9999999986450405,0.78,0.8,0.78,0.8,0.53999989,0.25000002,1.6955995504954263e-10,0,0,rescue,rescue,Cooperar,Cooperar,Liberar,Liberar,true,true,true,-2.37,true,true,true,true,16.180000010841347,0,20000002.599999998,true,16.18,-2.37,-693932.47,-18.55,true,true,continue,-1,-1,-1,-1
180,0.9999999986450405,9.103593454540231e-15,1.3549503308759702e-9,1.457576132624143e-37,0.9999999986450405,0.9999999983165669,0.78,0.8,0.78,0.8,0.53999989,0.25000002,1.663567914529355e-10,0,1,rescue,rescue,Cooperar,Cooperar,Liberar,Liberar,true,true,true,-2.37,true,true,true,true,16.180000010636522,0,20000002.599999998,true,16.18,-2.37,-693932.47,-18.55,true,true,rescue,-1,-1,-1,-1
181,0.999999998316567,2.7663590167700175e-14,1.6834052510677837e-9,9.86943719760006e-37,0.999999998316567,0.9999999983483715,0.78,0.8,0.78,0.8,0.53999989,0.25000002,2.0668578703923676e-10,0,1,rescue,rescue,Cooperar,Cooperar,Liberar,Liberar,true,true,true,-2.37,true,true,true,true,16.180000013215235,0,20000002.599999998,true,16.18,-2.37,-693932.47,-18.55,true,true,continue,-1,-1,-1,-1
182,0.9999999983483716,2.4324907052917254e-14,1.6516041040787116e-9,7.834469783848966e-37,0.9999999983483716,0.999999998379575,0.78,0.8,0.78,0.8,0.53999989,0.25000002,2.0278083132034174e-10,0,0,rescue,rescue,Cooperar,Cooperar,Liberar,Liberar,true,true,true,-2.37,true,true,true,true,16.180000012965536,0,20000002.599999998,true,16.18,-2.37,-693932.47,-18.55,true,true,continue,-1,-1,-1,-1
183,0.9999999983795748,2.138916530883161e-14,1.6204037113925847e-9,6.219089859443147e-37,0.9999999983795748,0.9999999994583697,0.78,0.8,0.78,0.8,0.53999989,0.25000002,1.9894981736988085e-10,1,1,rescue,rescue,Cooperar,Cooperar,Liberar,Liberar,true,true,true,-2.37,true,true,true,true,16.180000012720555,0,20000002.599999998,true,16.18,-2.37,-693932.47,-18.55,true,true,continue,-1,-1,-1,-1
184,0.9999999994583695,5.522255407422353e-15,5.41624917744044e-10,3.801646967017144e-38,0.9999999994583695,0.999999999468602,0.78,0.8,0.78,0.8,0.53999989,0.25000002,6.649946382550333e-11,0,0,rescue,rescue,Cooperar,Cooperar,Liberar,Liberar,true,true,true,-2.37,true,true,true,true,16.180000004251855,0,20000002.599999998,true,16.18,-2.37,-693932.47,-18.55,true,true,continue,-1,-1,-1,-1
185,0.999999999468602,4.855781505249511e-15,5.313931012337329e-10,3.0177899402973953e-38,0.999999999468602,0.999999999478641,0.78,0.8,0.78,0.8,0.53999989,0.25000002,6.524317761271144e-11,0,1,rescue,rescue,Cooperar,Cooperar,Liberar,Liberar,true,true,true,-2.37,true,true,true,true,16.18000000417152,0,20000002.599999998,true,16.18,-2.37,-693932.47,-18.55,true,true,continue,-1,-1,-1,-1
186,0.9999999994786412,4.2697434810833095e-15,5.213545735947724e-10,2.395555453404974e-38,0.9999999994786412,0.9999999994884906,0.78,0.8,0.78,0.8,0.53999989,0.25000002,6.401047973752912e-11,0,1,rescue,rescue,Cooperar,Cooperar,Liberar,Liberar,true,true,true,-2.37,true,true,true,true,16.18000000409271,0,20000002.599999998,true,16.18,-2.37,-693932.47,-18.55,true,true,continue,-1,-1,-1,-1
187,0.9999999994884906,3.7544336322672295e-15,5.115056834141694e-10,1.9016187487760291e-38,0.9999999994884906,0.9999999994981539,0.78,0.8,0.78,0.8,0.53999989,0.25000002,6.280112580155805e-11,0,0,rescue,rescue,Cooperar,Cooperar,Liberar,Liberar,true,true,true,-2.37,true,true,true,true,16.180000004015387,0,20000002.599999998,true,16.18,-2.37,-693932.47,-18.55,true,true,continue,-1,-1,-1,-1
188,0.9999999994981539,3.3013158662918865e-15,5.018428482576394e-10,1.5095262606239982e-38,0.9999999994981539,0.9999999995585533,0.78,0.8,0.78,0.8,0.53999989,0.25000002,6.161475160344456e-11,1,0,rescue,rescue,Cooperar,Cooperar,Liberar,Liberar,true,true,true,-2.37,true,true,true,true,16.18000000393953,0,20000002.599999998,true,16.18,-2.37,-693932.47,-18.55,true,true,continue,-1,-1,-1,-1
189,0.9999999995585533,2.492391530430193e-15,4.4144419391141687e-10,5.5683719033256885e-39,0.9999999995585533,0.9999999996939735,0.78,0.8,0.78,0.8,0.53999989,0.25000002,5.4199079126317894e-11,1,0,rescue,rescue,Cooperar,Cooperar,Liberar,Liberar,true,true,true,-2.37,true,true,true,true,16.180000003465384,0,20000002.599999998,true,16.18,-2.37,-693932.47,-18.55,true,true,continue,-1,-1,-1,-1
190,0.9999999996939735,1.2386334308027842e-15,3.0602536599686757e-10,6.00092624993341e-40,0.9999999996939735,0.9999999996997547,0.78,0.8,0.78,0.8,0.53999989,0.25000002,3.757285915461338e-11,0,1,rescue,rescue,Cooperar,Cooperar,Liberar,Liberar,true,true,true,-2.37,true,true,true,true,16.180000002402323,0,20000002.599999998,true,16.18,-2.37,-693932.47,-18.55,true,true,continue,-1,-1,-1,-1
191,0.9999999996997547,1.0891443552149222e-15,3.002442519998482e-10,4.763602466655169e-40,0.9999999996997547,0.999999999791067,0.78,0.8,0.78,0.8,0.53999989,0.25000002,3.6863028766949436e-11,1,0,rescue,rescue,Cooperar,Cooperar,Liberar,Liberar,true,true,true,-2.37,true,true,true,true,16.180000002356937,0,20000002.599999998,true,16.18,-2.37,-693932.47,-18.55,true,true,continue,-1,-1,-1,-1
192,0.999999999791067,7.095803600386482e-16,2.0893231537014848e-10,2.076492899944905e-40,0.999999999791067,0.9999999997950141,0.78,0.8,0.78,0.8,0.53999989,0.25000002,2.565206210632308e-11,0,0,rescue,rescue,Cooperar,Cooperar,Liberar,Liberar,true,true,true,-2.37,true,true,true,true,16.180000001640135,0,20000002.599999998,true,16.18,-2.37,-693932.47,-18.55,true,true,continue,-1,-1,-1,-1
193,0.9999999997950139,6.23942019072711e-16,2.0498538264123381e-10,1.6483433203767685e-40,0.9999999997950139,0.9999999997988864,0.78,0.8,0.78,0.8,0.53999989,0.25000002,2.516746251431358e-11,0,1,rescue,rescue,Cooperar,Cooperar,Liberar,Liberar,true,true,true,-2.37,true,true,true,true,16.180000001609145,0,20000002.599999998,true,16.18,-2.37,-693932.47,-18.55,true,true,continue,-1,-1,-1,-1
194,0.9999999997988864,5.486392593268764e-16,2.0111301127414518e-10,1.3084733889061693e-40,0.9999999997988864,0.999999999658925,0.78,0.8,0.78,0.8,0.53999989,0.25000002,2.469204102333557e-11,0,1,rescue,rescue,Cooperar,Cooperar,Liberar,Liberar,true,true,true,-2.37,true,true,true,true,16.180000001578744,0,20000002.599999998,true,16.18,-2.37,-693932.47,-18.55,true,true,death,-1,-1,-1,-1
195,0.999999999658925,3.1459072574776938e-15,3.4107179251085376e-10,8.58717281000124e-41,0.999999999658925,0.9999999996653685,0.78,0.8,0.78,0.8,0.53999989,0.25000002,4.187593892467924e-11,0,1,rescue,rescue,Cooperar,Cooperar,Liberar,Liberar,true,true,true,-2.37,true,true,true,true,16.180000002677467,0,20000002.599999998,true,16.18,-2.37,-693932.47,-18.55,true,true,continue,-1,-1,-1,-1
196,0.9999999996653686,2.7662317569557843e-15,3.3462861775250593e-10,6.81659395160824e-41,0.9999999996653686,0.9999999997372896,0.78,0.8,0.78,0.8,0.53999989,0.25000002,4.1084808346076095e-11,1,1,rescue,rescue,Cooperar,Cooperar,Liberar,Liberar,true,true,true,-2.37,true,true,true,true,16.180000002626887,0,20000002.599999998,true,16.18,-2.37,-693932.47,-18.55,true,true,continue,-1,-1,-1,-1
197,0.9999999997372894,1.5450223720876882e-15,2.627090261069637e-10,2.0188249468623617e-41,0.9999999997372894,0.9999999997422526,0.78,0.8,0.78,0.8,0.53999989,0.25000002,3.225469377321515e-11,0,1,rescue,rescue,Cooperar,Cooperar,Liberar,Liberar,true,true,true,-2.37,true,true,true,true,16.180000002062293,0,20000002.599999998,true,16.18,-2.37,-693932.47,-18.55,true,true,continue,-1,-1,-1,-1
198,0.9999999997422524,1.3585556092637277e-15,2.577461995024188e-10,1.6025658533492862e-41,0.9999999997422524,0.9999999997471217,0.78,0.8,0.78,0.8,0.53999989,0.25000002,3.164525641136125e-11,0,0,rescue,rescue,Cooperar,Cooperar,Liberar,Liberar,true,true,true,-2.37,true,true,true,true,16.18000000202333,0,20000002.599999998,true,16.18,-2.37,-693932.47,-18.55,true,true,continue,-1,-1,-1,-1
199,0.9999999997471217,1.1945932802046277e-15,2.52877125473739e-10,1.272134722880448e-41,0.9999999997471217,0.9999999997518988,0.78,0.8,0.78,0.8,0.53999989,0.25000002,3.1047479857443026e-11,0,1,rescue,rescue,Cooperar,Cooperar,Liberar,Liberar,true,true,true,-2.37,true,true,true,true,16.180000001985107,0,20000002.599999998,true,16.18,-2.37,-693932.47,-18.55,true,true,continue,-1,-1,-1,-1
200,0.999999999751899,1.0504193537453464e-15,2.4810003294444367e-10,1.0098347907362054e-41,0.999999999751899,0.999999999756586,0.78,0.8,0.78,0.8,0.53999989,0.25000002,3.046101092657098e-11,0,1,rescue,rescue,Cooperar,Cooperar,Liberar,Liberar,true,true,true,-2.37,true,true,true,true,16.180000001947604,0,20000002.599999998,true,16.18,-2.37,-693932.47,-18.55,true,true,continue,-1,-1,-1,-1
