Date,Observed,Trend,Slope,Cycle,Residual
01-Jul-1954,0,-0.061515855042062,0.151687766254184,0.0746074959671753,-0.0130916409251134
01-Aug-1954,0,0.0632081645320784,0.141109851964712,-0.00180477786190077,-0.0614033866701776
01-Sep-1954,0,0.199155171071114,-0.24151187528861,-0.085142937563773,-0.114012233507341
01-Oct-1954,0,-0.00704019533924134,-0.134663351478127,0.00185464405874129,0.00518555128050005
01-Nov-1954,0,-0.108228136574647,0.0562875337540219,-0.0959262217664776,0.204154358341125
01-Dec-1954,0,-0.0909489633957973,0.246843502798119,-0.0241546077171135,0.115103571112911
01-Jan-1955,0,0.076019351703487,-0.00880114800611875,0.194369613009907,-0.270388964713394
01-Feb-1955,0,0.0833429834213437,-0.186276961048841,-0.0645052980145663,-0.0188376854067774
01-Mar-1955,0,-0.0801209915734716,0.167144902278641,0.193386761909544,-0.113265770336072
01-Apr-1955,0,0.15005122382653,-0.0676818125080145,0.0119740055540752,-0.162025229380605
01-May-1955,0,0.202922802690513,-0.128940688738216,-0.291901046986211,0.0889782442956985
01-Jun-1955,0,0.162944317559734,-0.119470526107488,-0.0929907013726061,-0.0699536161871284
01-Jul-1955,0,0.157272603617989,0.340743321473806,0.139612497578316,-0.296885101196305
01-Aug-1955,0,0.717221997769718,0.35390169870859,-0.567730101121377,-0.149491896648341
01-Sep-1955,4,1.34340596338415,-0.461302971333884,1.08468991727207,1.57190411934378
01-Oct-1955,0,0.596290203528322,-0.233687475594953,-0.454243853947808,-0.142046349580513
01-Nov-1955,0,0.127222637161172,0.0255929747439898,0.242527729815335,-0.369750366976507
01-Dec-1955,0,0.0487131537905777,0.396343856714842,-0.000127491530638249,-0.0485856622599395
01-Jan-1956,0,0.358204598076368,-0.066990378555988,-0.391286604101931,0.0330820060255632
01-Feb-1956,0,0.192616240832358,-0.212974437815117,-0.0890256967762199,-0.103590544056138
01-Mar-1956,0,-0.0821769792074857,0.303980735827933,0.0692028861669571,0.0129740930405285
01-Apr-1956,0,0.155378601089947,-0.120191096781887,-0.093007459208055,-0.0623711418818923
01-May-1956,0,-0.00909315433022347,-0.206798724239106,0.367226810120142,-0.358133655789919
01-Jun-1956,0,-0.133019347633892,-0.263534494690279,0.0483071033656515,0.0847122442682407
01-Jul-1956,0,-0.343757881631475,0.489408617393346,0.0812486354418643,0.262509246189611
01-Aug-1956,0,0.105244375460803,0.424182179278122,-0.078184434296964,-0.0270599411638392
01-Sep-1956,0,0.498627662970996,-0.485336183671954,-0.33077279524423,-0.167854867726766
01-Oct-1956,0,0.0420884436364466,-0.22826417052231,-0.06927482397711,0.0271863803406633
01-Nov-1956,0,-0.167031122547005,-0.00135409596010631,-0.0409582006720535,0.207989323219058
01-Dec-1956,0,-0.223085966083729,0.406279490441039,0.102953977580689,0.12013198850304
01-Jan-1957,0,0.0858406404593983,-0.205835074348995,0.406188070771989,-0.492028711231388
01-Feb-1957,0,-0.0426554981736109,-0.129499294324327,-0.0391197000295034,0.0817751982031142
01-Mar-1957,0,-0.123849646573685,0.515541557995142,0.12204185074481,0.00180779582887423
01-Apr-1957,0,0.439355210364777,-0.113638461399708,-0.168613731462317,-0.270741478902461
01-May-1957,0,0.469505173363083,-0.354529708898714,-0.479336592564495,0.00983141920141195
01-Jun-1957,0,0.255273302905755,-0.440090704445588,-0.149713162672695,-0.10556014023306
01-Jul-1957,0,-0.00704107341872648,0.677204864626772,0.481855344705539,-0.474814271286813
01-Aug-1957,0,1.01652005610185,0.51625871041813,-0.673927197582684,-0.342592858519168
01-Sep-1957,6,2.0007705548605,-0.551617025474535,1.56821039456501,2.4310190505745
01-Oct-1957,0,1.05402669930668,-0.187520078689156,-0.775209901879765,-0.278816797426915
01-Nov-1957,0,0.570372009019822,-0.0030287457139026,0.122977873413808,-0.69334988243363
01-Dec-1957,0,0.517378336172936,0.439671377154868,-0.313464502721787,-0.203913833451149
01-Jan-1958,1,0.979483160104498,-0.50178975643085,-0.235816552761129,0.256333392656631
01-Feb-1958,0,0.409117228920486,-0.0350439604406133,-0.0444279087558465,-0.36468932016464
01-Mar-1958,1,0.43497783230775,0.654672914790747,0.318364836357937,0.246657331334312
01-Apr-1958,2,1.06298111647731,-0.0372412491876264,0.191779267237245,0.745239616285444
01-May-1958,0,0.734477415872635,-0.351990165121337,-0.00130480735236044,-0.733172608520275
01-Jun-1958,0,0.351533301968035,-0.634211587225698,-0.0181454488917518,-0.333387853076283
01-Jul-1958,0,-0.195264892132543,0.725205364718191,-0.206673780349283,0.401938672481826
01-Aug-1958,1,0.474647969761487,0.247706821495068,0.0656970416613084,0.459654988577205
01-Sep-1958,0,0.503864563348024,-0.396016528907875,-0.147311249337965,-0.35655331401006
01-Oct-1958,0,0.0159499053095504,-0.0150644848169744,0.131789474538472,-0.147739379848023
01-Nov-1958,0,-0.0385587349061057,0.143707432296786,-0.0219171505582932,0.0604758854643989
01-Dec-1958,0,0.0442329444340072,0.403271784069079,0.0649544148791376,-0.109187359313145
01-Jan-1959,0,0.425355287434013,-0.89537750792374,-0.0539257303562847,-0.371429557077728
01-Feb-1959,0,-0.360297842606438,-0.0055185106641102,0.0276483159292601,0.332649526677178
01-Mar-1959,0,-0.374197178970816,0.695124440878114,0.044854254904572,0.329342924066244
01-Apr-1959,0,0.195615221892105,0.238710350625399,0.0269071550211463,-0.222522376913252
01-May-1959,0,0.388018757279743,-0.272368124075413,-0.129718261018343,-0.2583004962614
01-Jun-1959,0,0.161051847740174,-0.755016327729604,0.0381181758107191,-0.199170023550893
01-Jul-1959,0,-0.47784915257271,0.756956330933691,0.00940308130318292,0.468446071269527
01-Aug-1959,0,0.228903559925432,-0.032527468796605,-0.244272750395411,0.0153691904699791
01-Sep-1959,0,0.140715734523519,-0.378400570964381,0.383492667852609,-0.524208402376128
01-Oct-1959,0,-0.107228168617255,0.126277242882468,-0.203846406690782,0.311074575308037
01-Nov-1959,0,0.039060594568505,0.452852894629062,0.029186929217784,-0.0682475237862891
01-Dec-1959,1,0.53615588026556,0.553092290433446,0.566025737228405,-0.102181617493965
01-Jan-1960,0,1.16976952737134,-1.33405356872531,-0.898319639098546,-0.271449888272794
01-Feb-1960,0,0.0126139572376665,-0.099454411583689,0.358821923028738,-0.371435880266405
01-Mar-1960,0,0.221933608207894,0.720073652768408,0.313287838808255,-0.535221447016149
01-Apr-1960,0,1.44080846288483,0.441737419252292,-1.45241041595966,0.0116019530748339
01-May-1960,7,2.37722788074011,-0.163709845054834,2.01210756130479,2.6106645579551
01-Jun-1960,0,1.78129936442835,-0.768427471471436,-1.1457056354575,-0.635593728970852
01-Jul-1960,0,0.806316933013142,0.964753210614515,-0.0518173883665977,-0.754499544646544
01-Aug-1960,4,1.83239568606818,-0.342994161813266,1.21957958122305,0.948024732708777
01-Sep-1960,0,1.21413661614753,-0.699674420459518,-1.20031052538476,-0.013826090762775
01-Oct-1960,0,0.244106157527371,0.16652274306519,0.444304579274282,-0.688410736801653
01-Nov-1960,0,0.384688933097091,0.697640821539354,0.372267834275969,-0.756956767373061
01-Dec-1960,0,1.32514271160044,0.984668212702907,-1.40741042829846,0.082267716698021
01-Jan-1961,4,2.52341522576125,-1.50926604044181,1.08768708540896,0.388897688829785
01-Feb-1961,0,1.08967771324111,-0.290002085715034,-0.472117565651163,-0.617560147589947
01-Mar-1961,2,1.09446515270443,0.475424309976476,-0.197949861963189,1.10348470925876
01-Apr-1961,4,1.47289341239134,0.210473414815015,1.14404855749173,1.38305803011693
01-May-1961,0,1.0953243838962,0.177650728887573,-0.300083681920124,-0.795240701976079
01-Jun-1961,0,0.967278073487871,-0.59913662576307,-0.366409233193004,-0.600868840294867
01-Jul-1961,1,0.275779257929254,1.24164361191469,0.607248469349601,0.116972272721145
01-Aug-1961,0,1.38353038171502,-0.542640117139162,-0.877889924704582,-0.505640457010433
01-Sep-1961,0,0.886522364116798,-1.11175225713935,-0.370394366258559,-0.516127997858239
01-Oct-1961,1,0.00365033216920342,0.0606856773712627,0.453619323509728,0.542730344321068
01-Nov-1961,0,0.100523106780711,0.741790192650972,0.030460225344777,-0.130983332125488
01-Dec-1961,0,0.925005236950105,1.54014834598704,-0.270790751448314,-0.654214485501791
01-Jan-1962,6,2.78012041881273,-1.41219010531737,1.65549365901221,1.56438592217505
01-Feb-1962,0,1.12747138440049,-0.453029681491338,-1.15757030215817,0.0300989177576809
01-Mar-1962,0,0.42329633501208,0.210573147823855,0.333426542292923,-0.756722877305003
01-Apr-1962,0,0.651393998143518,-0.076012876798471,-0.43741414716715,-0.213979850976368
01-May-1962,0,0.668877889235658,0.319844648912916,-0.682669312706952,0.0137914234712943
01-Jun-1962,0,1.07732274450472,-0.388213411635033,-0.00262478317216402,-1.07469796133256
01-Jul-1962,1,1.15927455385817,1.68416315559491,1.01424995016009,-1.17352450401825
01-Aug-1962,3,3.73025571164895,-0.459617166452791,-0.847649021278121,0.117393309629171
01-Sep-1962,10,4.11577676244962,-1.53637976123179,2.05373497228225,3.83048826526814
01-Oct-1962,0,2.06454351515239,-0.244217773876112,-1.54560325669897,-0.51894025845342
01-Nov-1962,0,1.48971885698589,0.555231070641912,0.151805133502863,-1.64152399048875
01-Dec-1962,0,2.29715621316377,1.93715840162003,-0.970172677740642,-1.32698353542312
01-Jan-1963,8,4.95765838296909,-1.08882648205254,0.696713214277927,2.34562840275299
01-Feb-1963,5,3.75937448400543,-0.30005996880476,0.00471899917553015,1.23590651681904
01-Mar-1963,3,2.91105596053591,-0.14374254867305,0.590330084990008,-0.501386045525922
01-Apr-1963,2,2.39706894178828,-0.505432495277017,0.236518919876468,-0.633587861664749
01-May-1963,0,1.74634351668825,0.381128732992055,-0.927810479243199,-0.818533037445048
01-Jun-1963,4,2.27279452677784,-0.272575503568553,0.479397704156872,1.24780776906528
01-Jul-1963,1,1.70251469488612,1.82547715843154,-0.660560683984877,-0.0419540109012395
01-Aug-1963,4,3.24518304295337,-0.615888135084686,0.145748933235554,0.609068023811072
01-Sep-1963,2,2.13024017746061,-1.24365286780056,0.521237422453847,-0.651477599914454
01-Oct-1963,0,0.618835762925791,-0.34107702072711,0.0383498794289783,-0.65718564235477
01-Nov-1963,0,0.243336985101629,0.139034548860845,-0.187237647395765,-0.0560993377058638
01-Dec-1963,1,0.367867507597935,1.5524083857351,0.370184747256228,0.261947745145837
01-Jan-1964,0,1.81276890352606,-0.736857280586134,-0.612419016120536,-1.20034988740552
01-Feb-1964,0,1.3945816045528,0.394151754179226,-0.570993078385393,-0.823588526167409
01-Mar-1964,6,2.39981346797596,-0.259441888322955,1.17185308051195,2.4283334515121
01-Apr-1964,1,1.88928657618982,-0.844730995389259,-1.06551523823131,0.176228662041492
01-May-1964,2,0.730901656180105,0.0233299990929293,1.11227453153589,0.156823812284008
01-Jun-1964,0,0.384898384099572,-0.130248496127235,-0.372658062854716,-0.0122403212448559
01-Jul-1964,0,-0.110337531135763,1.88421779349244,0.0532744605395091,0.057063070596254
01-Aug-1964,0,1.38863294497909,-0.418954228336272,0.157465520592625,-1.54609846557171
01-Sep-1964,0,1.13336431331617,-0.967845831940609,-0.322526674639235,-0.810837638676938
01-Oct-1964,0,0.617087080155477,-0.389845234585897,-0.0597865610908082,-0.557300519064669
01-Nov-1964,0,0.876676624767148,-0.154520939238486,0.101683073065668,-0.978359697832816
01-Dec-1964,1,1.71895116126685,1.26096401193931,-0.770236477602957,0.0512853163361086
01-Jan-1965,5,3.95850210739845,-0.491083471922631,0.415476766840108,0.626021125761438
01-Feb-1965,5,4.22374055325817,0.726563778995122,0.257119521229219,0.519139925512606
01-Mar-1965,7,5.52230875767823,-0.121168844874135,-0.408273888611632,1.8859651309334
01-Apr-1965,10,5.30354381913213,-1.06527020927448,1.59976129832139,3.09669488254648
01-May-1965,1,3.04121471762821,-0.205410066603437,-0.732970665503084,-1.30824405212512
01-Jun-1965,1,2.10322990117969,-0.250958967558757,-0.185799906182588,-0.917429994997102
01-Jul-1965,2,1.44542415764412,1.87463138381694,0.071322077233944,0.483253765121939
01-Aug-1965,2,2.74163243744204,-0.276492620172204,-0.62044800036438,-0.121184437077656
01-Sep-1965,0,1.92974251507648,-0.74781088734884,-0.441754435887411,-1.48798807918907
01-Oct-1965,1,1.17483549817681,-0.453399733404999,0.548531834191785,-0.723367332368595
01-Nov-1965,1,0.971166833829911,-0.367308500690003,0.292597461055318,-0.263764294885229
01-Dec-1965,1,0.947237320644395,1.02040904339408,-0.0703302177276591,0.123092897083264
01-Jan-1966,6,2.26732196252892,-0.555199346769987,1.16186067021975,2.57081736725133
01-Feb-1966,0,1.09904504857295,0.817413656934734,-1.1176356495017,0.0185906009287526
01-Mar-1966,0,1.29678065784195,0.0119634660010199,-0.126762911932225,-1.17001774590972
01-Apr-1966,0,1.10447380411651,-0.772506286165501,-0.417693877409235,-0.686779926707271
01-May-1966,1,0.371534259623939,-0.460628397974416,0.0952553541733729,0.533210386202688
01-Jun-1966,0,-0.238840521047174,-0.539949684876352,0.336910466502458,-0.0980699454552837
01-Jul-1966,0,-0.893717447318198,1.68937270067025,0.673999583587203,0.219717863730996
01-Aug-1966,0,0.602718512632059,0.113731897453203,-0.282382253765236,-0.320336258866823
01-Sep-1966,0,0.637247121646339,-0.299235015440717,-0.0466419100025697,-0.59060521164377
01-Oct-1966,0,0.468499627958021,-0.588288382673757,-0.561146264915361,0.0926466369573397
01-Nov-1966,0,-0.0221948613670155,-0.640329267297596,-0.236490062867206,0.258684924234222
01-Dec-1966,0,-0.656774753917382,0.646989834130349,0.373418695528175,0.283356058389208
01-Jan-1967,0,-0.104639400686257,-0.341075780279549,0.0887543112242421,0.0158850894620151
01-Feb-1967,0,-0.546209566853306,1.06425951923046,0.597019709553646,-0.0508101427003401
01-Mar-1967,0,0.435595400508593,0.276123122809702,-0.0686229700939532,-0.366972430414639
01-Apr-1967,0,0.759555314523649,-0.622968297231643,-0.464142138246542,-0.295413176277107
01-May-1967,0,0.289308470964751,-0.754677092139308,-0.0858826695060449,-0.203425801458706
01-Jun-1967,0,-0.240422066400903,-0.822891651005819,-0.460419460464952,0.700841526865855
01-Jul-1967,0,-1.08719671016653,1.51691233792888,0.073851531549661,1.01334517861687
01-Aug-1967,0,0.0460505549964365,0.540133560048643,0.790389912157355,-0.836440467153792
01-Sep-1967,0,0.499492173867576,0.173461615538358,-0.284439573756554,-0.215052600111022
01-Oct-1967,0,0.662614973906959,-0.576214732977458,0.569129812952958,-1.23174478685992
01-Nov-1967,0,0.513384966119801,-0.889528809865761,0.101675491268036,-0.615060457387837
01-Dec-1967,0,0.269214378805368,0.220518686461238,-1.11098027152381,0.841765892718441
01-Jan-1968,0,0.836227396074943,-0.381163752174909,-0.128215272380755,-0.708012123694189
01-Feb-1968,0,1.05293339929954,1.36715582059235,0.715201873348682,-1.76813527264823
01-Mar-1968,1,3.64572471548452,0.751485975341622,-2.63497047899773,-0.0107542364867839
01-Apr-1968,18,5.62666441307414,-0.316162127390534,4.49634353947596,7.8769920474499
01-May-1968,0,3.74327759782535,-1.12321002292164,-2.46270896412355,-1.2805686337018
01-Jun-1968,0,1.50750103941625,-1.47609919506103,0.902218489701276,-2.40971952911753
01-Jul-1968,1,-0.225608339050337,1.35537361056203,0.617763721021226,0.607844618029111
01-Aug-1968,0,0.656943530889745,0.822266684510491,-1.25449358966295,0.597550058773205
01-Sep-1968,0,0.794231938595198,0.874140253621519,0.177331831155877,-0.971563769751075
01-Oct-1968,0,1.32834175876819,-0.84358236838815,-0.161768488490005,-1.16657327027819
01-Nov-1968,0,0.558913744619645,-0.887861481618629,-0.890421801627467,0.331508057007822
01-Dec-1968,0,-0.372493314437009,0.267103533131538,0.770580878493847,-0.398087564056839
01-Jan-1969,0,-0.0075967755605939,-0.856411468735554,-0.13009337692639,0.137690152486984
01-Feb-1969,0,-0.815101294856132,1.03971653333413,0.979413893693405,-0.164312598837273
01-Mar-1969,0,0.331860382867114,0.560673155651398,0.316390124650208,-0.648250507517322
01-Apr-1969,1,1.2299361069336,1.2561039712337,-0.0134048652082207,-0.216531241725377
01-May-1969,2,2.90032075502772,-1.02103755586971,-0.493413001528298,-0.406907753499418
01-Jun-1969,1,2.43803401414495,-2.36097215666895,-1.17247921311817,-0.265554801026783
01-Jul-1969,1,0.730096299291296,0.79531789412383,-0.898319716560956,1.16822341726966
01-Aug-1969,2,1.7636779728281,0.965747111192905,0.881375822443347,-0.64505379527145
01-Sep-1969,1,3.19671131410115,1.83195005868635,-0.307977625234904,-1.88873368886625
01-Oct-1969,15,6.1665310817227,-1.3587995883415,2.89549570919649,5.93797320908081
01-Nov-1969,3,3.83735970942296,-0.447959865480628,-0.16727270811356,-0.670087001309396
01-Dec-1969,0,2.65693839912953,0.504621894803078,0.344737274885563,-3.00167567401509
01-Jan-1970,0,3.49482565207841,-1.4459631579218,-2.75876685236554,-0.736058799712869
01-Feb-1970,4,2.64346107967215,0.318464582985928,-0.417179947407508,1.77371886773536
01-Mar-1970,0,2.92677608629758,0.452437272686475,-0.154123597673018,-2.77265248862456
01-Apr-1970,0,4.32847728805221,2.63386534015275,-2.28558220186802,-2.04289508618419
01-May-1970,24,8.63692410834175,-0.890815214598703,6.56098448014735,8.8020914115109
01-Jun-1970,2,6.29556102678044,-2.87718562388789,-2.57867851763512,-1.71688250914532
01-Jul-1970,5,2.57739629226381,0.385312850826071,2.12995231449056,0.292651393245637
01-Aug-1970,0,2.01782592436411,0.679918226258706,-1.1027782272379,-0.915047697126211
01-Sep-1970,0,2.07774308530723,1.53699579796182,-2.083030984675,0.00528789936776874
01-Oct-1970,1,2.99286038124823,-1.16389524298838,-1.33076269132076,-0.662097689927476
01-Nov-1970,2,1.44216041867365,0.0967461656718998,0.895935365335961,-0.338095784009615
01-Dec-1970,0,1.27214072908621,1.24714309901351,0.371764232760371,-1.64390496184659
01-Jan-1971,1,2.83617649215441,-2.15230877018895,0.830594042155921,-2.66677053431033
01-Feb-1971,9,1.9475811436249,-0.393971926285116,2.74276916246437,4.30964969391073
01-Mar-1971,0,1.28720756696699,0.216669217975484,-2.17396419426536,0.886756627298372
01-Apr-1971,1,0.922637554482636,2.61177691024402,-0.107478912208922,0.184841357726286
01-May-1971,0,2.88754842757033,0.134695969839652,-1.49784130543866,-1.38970712213167
01-Jun-1971,1,2.86878547320037,-3.03904327151097,-1.0854197264619,-0.783365746738473
01-Jul-1971,1,-0.0455874495790887,0.990986545737868,1.52371969110338,-0.47813224152429
01-Aug-1971,3,1.23982740693871,-0.286502447890055,1.12701031776691,0.633162275294378
01-Sep-1971,2,1.02295283144515,0.856974347991506,0.830135151502537,0.146912017052309
01-Oct-1971,0,1.89739482826046,-0.789025854722263,-0.180250333852984,-1.71714449440748
01-Nov-1971,1,1.73549839497949,0.632355198182925,-0.8470596661058,0.111561271126308
01-Dec-1971,1,2.95537385967712,2.47387481042789,-2.34668631092921,0.391312451252089
01-Jan-1972,9,5.87783581628265,-3.37386170451767,1.43609688145083,1.68606730226651
01-Feb-1972,0,2.35393325453345,-0.597463167445357,-1.16943920402996,-1.18449405050349
01-Mar-1972,6,2.02697668223273,-0.0765471187009941,2.78632033628086,1.18670298148642
01-Apr-1972,3,1.79960443870768,2.76259735371486,0.270328615197525,0.930066946094797
01-May-1972,5,4.08116202063323,0.676084941588534,0.248787309100071,0.670050670266702
01-Jun-1972,1,4.03830975040409,-3.28150441670566,-1.66883221584156,-1.36947753456254
01-Jul-1972,0,0.524092842048721,1.89633004643414,-0.525753199058694,0.00166035700997313
01-Aug-1972,0,2.1871208971136,-1.00364750131662,-1.66746898139194,-0.519651915721661
01-Sep-1972,4,1.13467067581389,0.163877535470641,2.00693112492121,0.858398199264899
01-Oct-1972,1,0.944976399661256,-1.00924523743016,0.217493258682738,-0.162469658343994
01-Nov-1972,0,-0.360156779324657,1.01124530457299,1.83426699237776,-1.4741102130531
01-Dec-1972,0,0.87857450385509,3.83673973108785,-0.423069697385031,-0.455504806470059
01-Jan-1973,5,5.10452444156474,-4.01268359509826,-1.0928185540266,0.988294112461862
01-Feb-1973,0,1.13016320268704,-0.866368461308185,-1.13251454991563,0.00235134722858032
01-Mar-1973,1,0.301282265979794,-0.56295955103006,-0.89028271113579,1.589000445156
01-Apr-1973,0,-0.788354763009625,2.6137967950977,-0.20555838933499,0.993913152344616
01-May-1973,1,0.94588169758416,1.29554270492456,3.26695788242029,-3.21283958000445
01-Jun-1973,1,2.50256333930116,-3.41316120279118,-0.871239944374734,-0.631323394926428
01-Jul-1973,1,-0.425311371672773,3.01770862689487,2.21187027898303,-0.786558907310259
01-Aug-1973,1,3.35694673233886,-1.55778987970272,-0.633821789329707,-1.72312494300915
01-Sep-1973,0,3.17549142449465,-0.534256090977977,-4.12812663246265,0.952635207967995
01-Oct-1973,3,3.67934253345679,-1.33484138290893,-0.457315832718202,-0.22202670073859
01-Nov-1973,1,3.46143758843595,1.32914633788122,2.10480388251139,-4.56624147094734
01-Dec-1973,1,7.52873679557954,5.2333937377286,-5.49543340986594,-1.03330338571359
01-Jan-1974,47,15.8671515233591,-4.67486321027594,12.5861566533192,18.5466918233217
01-Feb-1974,0,7.71241848583672,-0.920553709666646,-5.82656535175979,-1.88585313407693
01-Mar-1974,0,3.98155570421365,-1.15685618789295,1.19153223277241,-5.17308793698606
01-Apr-1974,0,1.85106404512457,2.53756721211327,-0.808596128449725,-1.04246791667484
01-May-1974,2,3.78511771814862,1.25951907972009,-3.32381348969908,1.53869577155046
01-Jun-1974,1,3.89481862649158,-3.40169011036737,-1.01739471853092,-1.87742390796066
01-Jul-1974,5,0.00987835425911809,3.3900313332033,3.84298213865055,1.14713950709033
01-Aug-1974,0,2.50937457805214,-1.60011534449846,-1.77528859478113,-0.734085983271019
01-Sep-1974,0,0.279356914961115,-0.213737751990331,3.14689267595395,-3.42624959091506
01-Oct-1974,0,0.652186049986929,-1.81227140342544,-0.394271737942466,-0.257914312044463
01-Nov-1974,0,-0.481947549020508,0.437250593631542,-1.70885721860865,2.19080476762916
01-Dec-1974,1,-0.144391140324038,4.63432537952519,0.165012945102314,0.979378195221724
01-Jan-1975,1,4.04251774638434,-3.42563161201718,-1.59617183173136,-1.44634591465298
01-Feb-1975,1,0.6829860154008,0.116653640521217,0.32490552537775,-0.00789154077854981
01-Mar-1975,1,0.868541380804795,-1.33429016674667,0.768312457006611,-0.636853837811406
01-Apr-1975,2,-0.170735955719454,1.58333275475161,1.27959046796718,0.89114548775227
01-May-1975,0,1.39121381079399,0.866044726367505,-0.368137843888392,-1.0230759669056
01-Jun-1975,4,2.59911248648884,-3.26625797958789,0.571424509613181,0.829463003897982
01-Jul-1975,0,-0.619787369209847,3.68558471240395,-1.05196493869053,1.67175230790037
01-Aug-1975,1,2.51960991588984,-0.971259779201935,-0.874284314819092,-0.645325601070744
01-Sep-1975,0,1.23128166305678,0.344708557171634,0.185399431876453,-1.41668109493323
01-Oct-1975,2,1.76190580552979,-2.18350738691087,0.113211086108061,0.124883108362146
01-Nov-1975,0,-0.28002498878649,-0.505448540987066,0.461623301068222,-0.181598312281732
01-Dec-1975,1,-0.579421554163383,4.25097966068682,1.38508524915801,0.194336305005377
01-Jan-1976,1,3.80861215180254,-2.86103933667785,-1.37627904218365,-1.43233310961889
01-Feb-1976,3,1.59316807253416,0.979888179906403,0.368739263569344,1.03809266389649
01-Mar-1976,3,2.85008298479372,-1.09515852051071,-0.467149009492225,0.617066024698506
01-Apr-1976,0,1.81286563472512,1.46264201750331,-1.44177024718264,-0.371095387542479
01-May-1976,8,3.46520399674946,0.30536430358574,2.23858402311082,2.29621198013972
01-Jun-1976,0,3.14500846188685,-3.90242217305188,-1.40511684336211,-1.73989161852474
01-Jul-1976,2,-0.765235548084176,3.71940437260342,2.11332535859461,0.651910189489567
01-Aug-1976,0,2.71489021561261,-0.297408021898658,-1.12904323722178,-1.58584697839084
01-Sep-1976,4,2.74124896805533,1.08762502648296,0.376181848749118,0.882569183195556
01-Oct-1976,2,3.83928991550827,-2.07218373880061,-0.952301854790683,-0.886988060717584
01-Nov-1976,1,2.09244184680115,-1.28859121553123,-0.791061273282722,-0.301380573518429
01-Dec-1976,2,1.23618965214848,3.9704579725151,1.00073493894953,-0.236924591098003
01-Jan-1977,3,5.72310528940462,-3.2525809194957,-0.836540356449561,-1.88656493295506
01-Feb-1977,10,3.65679550982886,1.37352622676368,2.07144876074251,4.27175572942863
01-Mar-1977,5,4.69993182750096,-0.530561086835543,-0.685218250048874,0.985286422547913
01-Apr-1977,3,3.48916084329511,1.81599391623959,0.639648178003677,-1.12880902129879
01-May-1977,1,5.02572168153691,0.576769839041443,-1.99165299295068,-2.03406868858623
01-Jun-1977,9,6.04524223453752,-5.20520101126671,1.09842544114336,1.85633232431913
01-Jul-1977,0,0.623712366991437,3.58922533507509,-0.911431540723888,0.287719173732451
01-Aug-1977,4,3.89445589241307,-0.616371147643472,0.528794457587813,-0.423250350000887
01-Sep-1977,3,3.10987541333969,1.93895925190952,0.7085176848354,-0.818393098175089
01-Oct-1977,4,5.17119085614798,-1.28347297562994,-0.0416664418282819,-1.1295244143197
01-Nov-1977,4,4.41110488675686,-1.40079851077862,-0.811082279311829,0.399977392554966
01-Dec-1977,8,3.39168382684989,3.83634843154746,1.25466950550557,3.35364666764454
01-Jan-1978,3,6.41871773268352,-4.98302357773286,-1.95736465936157,-1.46135307332195
01-Feb-1978,1,1.14522420405457,1.53503402084562,0.878371135863291,-1.02359533991787
01-Mar-1978,4,2.75320961181801,0.0988467386632359,0.377688599024757,0.869101789157234
01-Apr-1978,3,2.6164384008707,2.85048430772519,-0.330889946922939,0.714451546052239
01-May-1978,7,4.97764305641219,0.96255583047417,1.46619883622299,0.556158107364819
01-Jun-1978,1,5.25345866065317,-6.45486463280777,-1.81549068344734,-2.43796797720583
01-Jul-1978,2,-1.02256040557373,3.61734224393503,0.946103910315446,2.07645649525829
01-Aug-1978,1,2.03639407846017,-1.33902994677482,-1.48758781301646,0.451193734556288
01-Sep-1978,1,-0.0212172362082232,2.11339010373699,0.797986502776514,0.223230733431709
01-Oct-1978,0,1.29433477715789,-0.590460528013513,0.238338187225544,-1.53267296438343
01-Nov-1978,0,0.450202429784573,-0.853506845784701,0.0538352882307115,-0.504037718015285
01-Dec-1978,1,-0.478020690481741,4.98069125718681,1.62001479228055,-0.141994101798812
01-Jan-1979,0,4.47836843971415,-6.90333930857279,-1.62389416179516,-2.85447427791899
01-Feb-1979,0,-1.43580915874385,0.764235038458993,-0.158438967122695,1.59424812586655
01-Mar-1979,0,-0.248440570044473,0.204400708905928,-0.537047041256714,0.785487611301188
01-Apr-1979,0,0.100211060974379,4.10700079644004,-0.977280179526931,0.877069118552552
01-May-1979,4,4.04006469085961,2.44863198941639,0.651753976362616,-0.691818667222227
01-Jun-1979,7,6.56717554948128,-7.65849223549183,1.91281842956593,-1.4799939790472
01-Jul-1979,1,-0.487374901093871,4.18776318905308,0.169634236974153,1.31774066411972
01-Aug-1979,3,3.83647421580977,-2.63814913555957,0.555001396828455,-1.39147561263823
01-Sep-1979,1,1.82844601291132,1.63994048795495,0.276362374940662,-1.10480838785198
01-Oct-1979,0,4.49076297307821,-0.0859821104616305,-4.70173590650879,0.210972933430584
01-Nov-1979,10,5.35225267014333,0.304076917114383,1.27136670907794,3.37638062077873
01-Dec-1979,2,5.40503786556522,7.47359417087125,-0.070225051497899,-3.33481281406732
01-Jan-1980,10,13.8113454454673,-9.25596858841329,-1.6593642178593,-2.15198122760803
01-Feb-1980,22,6.25213819224139,-0.425625419936443,7.7963140743626,7.95154773339601
01-Mar-1980,2,4.7001251517793,-0.496496478431957,-2.39028014102831,-0.309845010750989
01-Apr-1980,3,3.18724965087872,5.08708108535629,-0.113823677426264,-0.0734259734524567
01-May-1980,4,7.28402116178138,4.03506971199831,-1.40159889675924,-1.88242226502214
01-Jun-1980,5,10.9971239452978,-8.27330434011889,-3.75607670912405,-2.24104723617372
01-Jul-1980,3,3.19752295079156,6.18649827791159,-1.64378871683865,1.4462657660471
01-Aug-1980,19,9.34423665674337,-4.93284261405685,4.65869166976349,4.99707167349314
01-Sep-1980,1,2.59742938030301,-0.0926568980462207,0.569117058724452,-2.16654643902746
01-Oct-1980,0,1.46002703629768,-0.44250283609601,2.51576100626086,-3.97578804255854
01-Nov-1980,1,1.38435826515265,2.45737443683419,1.64704028501842,-2.03139855017108
01-Dec-1980,2,4.92980254239145,10.8686414507676,-3.61423808152981,0.684435539138354
01-Jan-1981,13,16.6435091327988,-12.0497728219791,-3.87253538006274,0.229026247263931
01-Feb-1981,8,5.35748706582985,-1.19760945964465,0.002180416742455,2.6403325174277
01-Mar-1981,7,3.98619426166721,-1.43579790282375,-2.16495819594208,5.17876393427487
01-Apr-1981,5,0.538024185039136,5.83083864206887,2.52930234378822,1.93267347117264
01-May-1981,3,3.6703066203563,4.82442167480644,8.53967282113269,-9.20997944148899
01-Jun-1981,1,9.06611961487495,-8.69724053070453,-4.29662018312646,-3.76949943174849
01-Jul-1981,6,2.27860839053727,9.46813789685154,5.61885951493876,-1.89746790547603
01-Aug-1981,4,14.3301601034198,-6.43502498161514,-4.70382685679605,-5.62633324662371
01-Sep-1981,3,12.4761445459192,-2.26768309635787,-9.42846177086665,-0.0476827750525626
01-Oct-1981,9,14.8064003547164,-1.73182279346272,-2.41970967042185,-3.38669068429458
01-Nov-1981,20,18.8749405213551,4.67630190438889,8.6693398167174,-7.54428033807252
01-Dec-1981,16,32.0301565147763,14.9995937194486,-14.3960825252283,-1.63407398954798
01-Jan-1982,144,56.0888324152847,-14.9308908397672,34.4705152495758,53.4406523351395
01-Feb-1982,10,31.2432431932131,-1.76392686376635,-17.5025144512361,-3.74072874197703
01-Mar-1982,15,20.8927410743122,-2.96595431458586,4.99568035121222,-10.8884214255244
01-Apr-1982,3,13.2060797113219,6.58572036960395,-6.67457632493349,-3.53150338638843
01-May-1982,11,16.3249319619548,3.73374622678957,-5.97063212641232,0.645700164457518
01-Jun-1982,6,16.3625581296339,-8.57369265945443,-2.57880002106828,-7.78375810856565
01-Jul-1982,13,6.8563216747727,11.4183480461265,8.14046358549392,-1.99678526026662
01-Aug-1982,19,18.0510724616025,-6.78922809326252,0.516401569550095,0.432525968847386
01-Sep-1982,6,10.8846813784193,-2.21614903198059,4.63437250482679,-9.5190538832461
01-Oct-1982,9,11.6710518951758,-4.31362018309682,-3.04451541057981,0.37346351540403
01-Nov-1982,16,10.2273552972552,4.21471669123748,0.862204820411298,4.91043988233353
01-Dec-1982,5,15.568573577008,13.7141645342315,-9.05000453043757,-1.51856904657043
01-Jan-1983,48,30.9483984600045,-12.243268929721,5.63607949028606,11.4155220497095
01-Feb-1983,15,16.3177777820196,0.26637813737793,-2.33935472988677,1.0215769478672
01-Mar-1983,7,13.8340994512162,-3.54872129978139,2.6875323796466,-9.52163183086275
01-Apr-1983,13,10.9159195066288,5.11788037561566,2.85070780125757,-0.766627307886372
01-May-1983,24,16.9365276288489,1.12205616232433,0.672074701089785,6.39139767006133
01-Jun-1983,13,16.6920844309595,-7.05499470744954,-3.65277561655597,-0.0393088144035723
01-Jul-1983,9,8.28454672022893,11.9654512786377,2.09310921800742,-1.37765593823634
01-Aug-1983,7,19.3865834085396,-5.03893321385227,-7.79465800888991,-4.59192539964964
01-Sep-1983,28,15.1145709593611,-1.20471271717587,6.54236367413107,6.34306536650784
01-Oct-1983,6,12.4247119922493,-6.14524335867592,-2.88628146505461,-3.53843052719469
01-Nov-1983,8,6.05062075253956,2.76460290906203,4.5737583978156,-2.62437915035516
01-Dec-1983,9,9.51814573355476,11.2683847352067,0.141169741326894,-0.659315474881659
01-Jan-1984,21,21.7235385145157,-9.27954263492214,-1.28962381611578,0.566085301600125
01-Feb-1984,11,13.1800187609948,3.25215340627566,-0.275447163415301,-1.9045715975795
01-Mar-1984,11,17.8444016812754,-4.06987532715858,-4.25089509757864,-2.5935065836968
01-Apr-1984,23,16.1075647029411,4.04515624133262,1.12058432763142,5.77185096942744
01-May-1984,22,20.4364984971862,-0.959128803918477,1.84233527808738,-0.278833775273579
01-Jun-1984,20,19.8601454925435,-6.05829558527807,-0.83190098406692,0.971755491523371
01-Jul-1984,23,13.8396097935285,11.4615475680084,4.60839991528599,4.55199029118551
01-Aug-1984,19,23.7227606116519,-4.60005198756319,-0.612446661848078,-4.11031394980377
01-Sep-1984,13,19.0036539952733,2.00484646699588,-3.20248127265761,-2.80117272261569
01-Oct-1984,28,21.8839852755565,-6.99612514601265,1.21646194399172,4.8995527804518
01-Nov-1984,10,14.0237883458809,1.49945901919267,-2.4423398161999,-1.58144852968104
01-Dec-1984,8,15.2206593220329,8.25196015533352,-2.03452372246415,-5.18613559956875
01-Jan-1985,30,25.011337528813,-7.87900150784867,3.546704562674,1.44195790851303
01-Feb-1985,21,18.159095633615,5.9664351548332,0.84665675691107,1.99424760947398
01-Mar-1985,27,24.4442448425626,-4.9001766562481,0.269013843337888,2.28674131409951
01-Apr-1985,19,19.0508885601871,4.70133553963198,2.00204947567996,-2.05293803586704
01-May-1985,18,23.9879277133356,-2.50565551503097,-1.78654269549526,-4.20138501784036
01-Jun-1985,19,23.2096521650736,-5.55382895801478,-3.36813866613047,-0.841513498943122
01-Jul-1985,28,19.6819774546865,10.0085180071972,1.55259656399811,6.76542598131535
01-Aug-1985,28,29.3146261117801,-5.22547887983691,-0.330366183708184,-0.984259928071964
01-Sep-1985,13,24.0627334194598,5.04794967467549,-3.69565325693131,-7.36708016252852
01-Oct-1985,48,31.6999065594293,-6.66201372616446,8.83346568653302,7.46662775403772
01-Nov-1985,23,24.9761352501803,1.75934194023161,-5.12165329273544,3.14551804255514
01-Dec-1985,39,25.5569224409444,4.88111303035583,4.48180723842284,8.96127032063279
01-Jan-1986,23,26.0778358652845,-8.41261326658594,-2.07844329741343,-0.999392567871098
01-Feb-1986,6,13.6598512825871,7.215327550675,-2.0333539312097,-5.62649735137743
01-Mar-1986,13,18.8674613896351,-4.36236043041664,-2.02806422235418,-3.83939716728091
01-Apr-1986,22,13.8605382707157,6.02532075383088,2.95456181051838,5.18489991876591
01-May-1986,14,17.4004289625559,-3.694484625707,-1.21371070375037,-2.18671825880558
01-Jun-1986,6,11.9968953739565,-5.69328847985878,1.75046519260802,-7.74736056656447
01-Jul-1986,9,7.34521146764411,9.03815102260194,0.680844968661987,0.973943563693904
01-Aug-1986,18,17.0791742889824,-5.4790534103206,-1.473041807698,2.39386751871559
01-Sep-1986,10,11.4460044857842,6.32893542747606,-0.306130251347293,-1.13987423443694
01-Oct-1986,15,18.0255289767908,-6.53018534897808,-0.923904359452048,-2.10162461733877
01-Nov-1986,13,12.4921018074289,2.69423031777993,0.099028873784492,0.408869318786641
01-Dec-1986,18,16.0379237248008,4.77136124396246,1.26299543629204,0.699080838907136
01-Jan-1987,22,21.4126721424382,-8.85277856319498,0.835348499313331,-0.248020641751562
01-Feb-1987,13,13.2513389824897,6.82716985826888,-0.620642344439806,0.369303361950077
01-Mar-1987,21,20.63883531778,-4.93774886101209,0.245917837264278,0.11524684495576
01-Apr-1987,15,16.2204952381537,8.50200694064868,-2.08265353872905,0.86215830057531
01-May-1987,30,24.9358068673076,-2.97470596958604,0.766603740979178,4.2975893917132
01-Jun-1987,19,20.6485724515854,-6.07213849444967,-0.617240517602199,-1.03133193398318
01-Jul-1987,16,13.6300736797686,8.0887869904122,3.03942738408442,-0.669501063853073
01-Aug-1987,12,21.0102026984074,-5.85075622594307,-2.12723223389708,-6.88297046451028
01-Sep-1987,19,16.8945455566252,7.52650809754398,3.79710654201627,-1.69165209864148
01-Oct-1987,21,26.7567635899322,-7.00302408782631,-4.03768236531687,-1.71908122461529
01-Nov-1987,23,22.6997988348391,3.78403299046975,-0.928182069680851,1.22838323484175
01-Dec-1987,27,28.9937611160763,6.02096074100278,0.399569055395922,-2.39333017147224
01-Jan-1988,32,38.37438855757,-9.07801768764886,-3.8602529657277,-2.51413559184233
01-Feb-1988,48,33.5486662143703,6.01813920624152,5.40014577076864,9.05118801486103
01-Mar-1988,45,40.6055311747287,-6.59584990273515,1.57747647104282,2.81699235422845
01-Apr-1988,33,34.0482509194332,10.0130714986476,0.29734367291399,-1.34559459234723
01-May-1988,48,44.577637291427,-1.961669225162,0.590719118468178,2.83164359010479
01-Jun-1988,45,42.1269250002027,-5.92674971305897,-1.51587878755337,4.38895378735069
01-Jul-1988,22,34.1528607100658,8.77660395649325,-5.41175339871143,-6.74110731135433
01-Aug-1988,42,43.2755394904488,-7.43717459976033,1.88725034526262,-3.16278983571144
01-Sep-1988,44,37.3073691267136,7.40098628489463,-1.13910544722728,7.83173632051364
01-Oct-1988,50,43.3967490098055,-8.41081782366018,4.68020491962823,1.92304607056629
01-Nov-1988,21,32.9915589017828,5.16904543620173,1.59129277884657,-13.5828516806294
01-Dec-1988,42,40.9887414346224,7.60910891479682,0.0253973546055521,0.985861210772043
01-Jan-1989,59,51.0759633826939,-9.87822448267717,-1.54510894803719,9.46914556534328
01-Feb-1989,42,40.3138890412098,6.00819549796519,-0.3310969699194,2.01720792870961
01-Mar-1989,27,44.7220371992821,-8.88818085480819,-8.52678749622537,-9.19524970305675
01-Apr-1989,49,37.4985268264557,10.3195149309197,4.46588296257959,7.03559021096468
01-May-1989,54,46.9847684650291,-1.21780427960833,3.01961344728001,3.99561808769089
01-Jun-1989,43,43.5150708445125,-4.96644645230606,-0.366992389015245,-0.148078455497284
01-Jul-1989,49,36.3493054117897,9.65255300594238,9.29034839678237,3.36034619142793
01-Aug-1989,29,42.6094688353091,-9.69760166620869,-6.59808231793771,-7.01138651737139
01-Sep-1989,23,32.0088279859064,8.27400103568811,-0.679158741553118,-8.32966924435325
01-Oct-1989,28,42.3371885508379,-9.20997724585407,-7.32480152388187,-7.01238702695606
01-Nov-1989,38,37.6712764583362,4.58355135849596,3.03185586684636,-2.70313232518259
01-Dec-1989,29,47.7586237618318,8.80159037637075,-6.71939663977373,-12.0392271220581
01-Jan-1990,90,66.3384648958773,-9.20240493387691,14.3153344453793,9.34620065874338
01-Feb-1990,63,63.595998673481,8.95665923698881,-6.8446162579968,6.24861758451584
01-Mar-1990,105,76.7940627214009,-12.4802827420516,11.2291618483064,16.9767754302927
01-Apr-1990,51,62.5276832981986,9.37470188371232,-13.0203772065175,1.49269390831888
01-May-1990,88,69.5863165519318,-1.74787828281262,7.11606796443452,11.2976154836337
01-Jun-1990,44,61.5112195556523,-3.77761564128686,-11.8532830930473,-5.65793646260504
01-Jul-1990,59,53.4152013397753,11.0897575606143,10.9740108645933,-5.38921220436866
01-Aug-1990,50,62.0999635412249,-11.4010770427643,-3.14532411901443,-8.95463942221042
01-Sep-1990,54,51.4731817354428,9.55513290284845,6.83226094587898,-4.30544268132176
01-Oct-1990,55,63.3312312729173,-10.6755496809403,-4.44789406778304,-3.8833372051343
01-Nov-1990,44,56.3373536265502,3.55062236753674,-1.00897091964878,-11.3283827069014
01-Dec-1990,39,67.5917218287814,7.99649187930177,-12.7552410748214,-15.83648075396
01-Jan-1991,110,88.914606303098,-8.57451250595314,11.789251122944,9.29614257395802
01-Feb-1991,96,90.3659471663679,11.1485185127079,-10.1551678206335,15.7892206542656
01-Mar-1991,159,105.934451700688,-14.5741951035018,21.5909821194959,31.4745661798159
01-Apr-1991,69,84.6053881601035,7.87724123277959,-10.3102130821166,-5.29517507798693
01-May-1991,90,87.6077808579575,-2.18100826627337,7.02282822471114,-4.63060908266861
01-Jun-1991,65,82.1959938195727,-3.10258721509933,-10.382784640473,-6.81320917909973
01-Jul-1991,101,78.2816165656177,9.98845355200086,3.05206114568879,19.6663222886935
01-Aug-1991,78,80.4758712328905,-13.9159109268788,-7.62138365370662,5.14551242081612
01-Sep-1991,58,56.9388783408457,10.0855945419175,8.4805192949213,-7.41939763576703
01-Oct-1991,41,60.0376031979894,-8.66294527874943,-5.74050024814673,-13.2971029498426
01-Nov-1991,61,49.1088442559488,3.09732350627739,8.2845316919095,3.6066240521417
01-Dec-1991,61,48.6598440312297,4.29628559798945,1.24277573435664,11.0973802344137
01-Jan-1992,33,45.4697481295504,-11.8296627733702,-4.35436711379514,-8.11538101575525
01-Feb-1992,25,29.0350208287555,11.5227505625901,1.5910722998365,-5.62609312859198
01-Mar-1992,27,37.9502172195488,-11.4222099658323,-6.0353340744516,-4.91488314509722
01-Apr-1992,28,25.6654526321655,8.54135508636803,-0.761892638770139,3.09644000660468
01-May-1992,34,32.2448807905873,-2.42645213360777,4.69384607529079,-2.93872686587812
01-Jun-1992,19,28.8998789381879,-6.06319680610998,-4.43586383544751,-5.46401510274039
01-Jul-1992,40,23.8580979455957,10.2468337186534,9.3387004070489,6.80320164735535
01-Aug-1992,25,32.7109118581617,-13.9224822080056,-4.43870064181137,-3.27221121635032
01-Sep-1992,25,18.5561886559486,10.8952837910232,1.93099041962285,4.51282092442854
01-Oct-1992,22,27.6169816635049,-7.02825488351953,-3.53080747725147,-2.08617418625338
01-Nov-1992,20,19.4949195304448,3.49395470086507,-0.176473642686388,0.681554112241542
01-Dec-1992,14,21.6530853142061,6.33683778350787,-2.8696539529178,-4.7834313612883
01-Jan-1993,27,28.3524625696392,-15.2304998131337,2.89969830527124,-4.25216087491044
01-Feb-1993,22,14.9942062427963,11.0989048051705,1.67658110001619,5.32921265718748
01-Mar-1993,29,26.0732497953622,-10.7822998229745,-0.669447253592504,3.59619745823028
01-Apr-1993,21,13.9942805512173,11.1598302502843,3.70571813009172,3.30000131869096
01-May-1993,11,22.6857958606061,0.222525441632425,-4.97002306690991,-6.71577279369617
01-Jun-1993,23,22.8244008949632,-8.30234139766312,-0.306955678986466,0.4825547840233
01-Jul-1993,22,14.2668109309962,11.7529626712532,2.64524121083596,5.08794785816781
01-Aug-1993,14,23.9580799054988,-16.8757924933344,-3.84376984136696,-6.1143100641318
01-Sep-1993,9,7.19144254273849,10.9637187934362,4.37026417851423,-2.56170672125272
01-Oct-1993,14,19.1738349526371,-5.65875044067742,-1.55137174591846,-3.62246320671866
01-Nov-1993,17,15.8198917922125,6.77114134942733,-1.07051539982775,2.25062360761522
01-Dec-1993,27,24.0967701150069,10.5414857707772,1.17667967520927,1.72655020978384
01-Jan-1994,31,35.5309916441467,-20.2423813319754,-2.91629975336289,-1.61469189078377
01-Feb-1994,26,16.7546326655598,10.1776368486096,3.40806727540559,5.83730005903465
01-Mar-1994,24,26.3257937680201,-11.8801192178062,-1.96747434948965,-0.358319418530442
01-Apr-1994,24,13.9664179475765,13.9363291904462,4.83763964009473,5.1959424123288
01-May-1994,17,25.5787025913096,2.72312848236647,-4.12034201834386,-4.45836057296576
01-Jun-1994,29,27.5607004976479,-8.79981417163289,1.23752789130412,0.201771611048002
01-Jul-1994,16,17.9481179591916,16.5359293972202,-0.987658294139124,-0.960459665052511
01-Aug-1994,25,34.0122843876959,-21.2621497477549,-3.85890990095861,-5.15337448673732
01-Sep-1994,24,14.1080461306423,8.67796627538,5.38743190168672,4.50452196767098
01-Oct-1994,20,22.5446206018937,-7.0873710461613,-2.79360709387964,0.248986491985914
01-Nov-1994,21,15.1274566027452,11.3381361351051,3.45750445794774,2.41503893930706
01-Dec-1994,26,25.2783548083492,17.6615323153406,-0.294834166232132,1.01647935788295
01-Jan-1995,38,41.3917543427801,-24.4390993330403,-2.13922778849936,-1.25252655428078
01-Feb-1995,15,15.8492242104167,10.5260547273477,0.35800846072166,-1.20723267113836
01-Mar-1995,22,25.7004688006191,-15.8201942005529,-0.923672306054027,-2.77679649456508
01-Apr-1995,12,10.1913492726083,15.0358537809176,-0.953751838556088,2.76240256594781
01-May-1995,30,24.557503393725,4.24337597373652,4.87008716376455,0.572409442510462
01-Jun-1995,22,27.9279491953068,-6.60896604733255,-5.61459159789983,-0.313357597407013
01-Jul-1995,30,20.5573086965354,25.3965978052685,6.19377702491485,3.24891427854979
01-Aug-1995,25,44.0387246754212,-25.8435615423674,-6.61851407121389,-12.4202106042073
01-Sep-1995,23,20.6897020016418,5.05935039398188,5.17377817347864,-2.86348017512049
01-Oct-1995,19,29.2602525906783,-11.5271643305637,-5.38793932544159,-4.87231326523674
01-Nov-1995,27,22.9741738269049,15.4553346944743,9.01875335659641,-4.99292718350131
01-Dec-1995,21,45.443302702475,26.992425178046,-10.8399610531043,-13.6033416493708
01-Jan-1996,107,84.2793062821571,-25.7164605525363,7.80534433224223,14.9153493856006
01-Feb-1996,64,65.1108194950424,14.8281038888409,-7.98229433508387,6.8714748400415
01-Mar-1996,92,84.0472215453471,-21.3582665739106,3.36487890954704,4.58789954510586
01-Apr-1996,65,65.1683471332189,12.3082772270053,-4.15540589960834,3.9870587663894
01-May-1996,99,78.5404354087318,2.11373526474075,12.7272481930605,7.7323163982077
01-Jun-1996,67,78.9726695265744,-3.17159872041046,-5.34262151148489,-6.63004801508951
01-Jul-1996,90,76.4735281284471,38.4682454404733,7.76211857028585,5.76435330126702
01-Aug-1996,115,113.567632097049,-28.8453998023558,-5.96914558591009,7.40151348886131
01-Sep-1996,74,80.7202282006787,2.00037366624182,-6.7004615726594,-0.0197666280192834
01-Oct-1996,57,78.7256157946954,-18.8155268203611,-7.83296977959326,-13.8926460151021
01-Nov-1996,66,60.8476028888601,15.831491754075,6.57496819585357,-1.42257108471368
01-Dec-1996,74,78.1216838216602,32.3209628904168,-1.33525900789367,-2.78642481376649
01-Jan-1997,131,112.874539177019,-25.2091401697185,18.6617576202066,-0.536296797225248
01-Feb-1997,89,90.2877004081878,24.1113909274649,0.146901584162537,-1.4346019923503
01-Mar-1997,99,117.530739501769,-24.2403372931599,-8.02779956721125,-10.5029399345578
01-Apr-1997,91,100.15105570832,7.48443266601964,-2.77775914395662,-6.37329656436314
01-May-1997,104,116.758942292711,-4.53203310938299,-20.69501730952,7.93607501680901
01-Jun-1997,120,118.532707640478,-3.08349523601225,2.16574687293182,-0.698454513410269
01-Jul-1997,111,122.002992914452,52.6820268451238,15.2423631028505,-26.2453560173027
01-Aug-1997,208,190.557055270582,-27.3367862508577,0.127274594395356,17.3156701350231
01-Sep-1997,223,172.944480522348,4.13693697535149,25.1008558647479,24.9546636129038
01-Oct-1997,184,177.945626535263,-26.9238479710091,-1.27202497126093,7.32639843599776
01-Nov-1997,97,149.284794125124,10.9816322171371,-35.4262253536141,-16.8585687715102
01-Dec-1997,150,164.514974835571,32.8256140136415,5.52104820713636,-20.0360230427071
01-Jan-1998,193,208.702806206269,-23.6063050910313,-9.1934107910807,-6.50939541518849
01-Feb-1998,160,198.769839965225,37.3962194220736,-19.7637860564674,-19.0060539087578
01-Mar-1998,387,256.587382786178,-26.0484361362513,77.9232381501299,52.4893790636921
01-Apr-1998,176,232.324233310032,2.89498104328392,-46.1381204997372,-10.1861128102944
01-May-1998,266,240.621018791762,-13.2649956177363,24.8078290422966,0.571152165941498
01-Jun-1998,230,232.555043488564,-4.50451489525228,0.0686646554884582,-2.62370814405216
01-Jul-1998,172,234.181080624105,57.4575308077671,-67.8353734562575,5.65429283215258
01-Aug-1998,409,295.761640972755,-26.9627390885822,50.1556631742539,63.0826958529909
01-Sep-1998,221,250.524801596739,7.94366634827468,-13.6683972976628,-15.8564042990762
01-Oct-1998,236,245.824088152156,-28.4693299362091,-2.60318936554971,-7.22089878660597
01-Nov-1998,263,207.27411488701,6.95324113914285,62.7508294983382,-7.02494438534791
01-Dec-1998,133,206.640876735513,23.8296180049637,-40.4167755992982,-33.2241011362143
01-Jan-1999,224,234.680031718879,-25.6088954059558,-4.56399950662293,-6.11603221225576
01-Feb-1999,214,215.452133556931,41.1586165452841,-1.13380825781214,-0.31832529911901
01-Mar-1999,206,263.104766819402,-17.3871539051432,-41.7410655358663,-15.363701283536
01-Apr-1999,252,257.66641889874,3.81599455287109,5.58322225020006,-11.2496411489399
01-May-1999,381,277.425336522051,-21.5233792634478,48.6871256234991,54.8875378544503
01-Jun-1999,239,252.357391808456,-10.2953483005471,-23.242485726203,9.88509391774679
01-Jul-1999,301,235.007835217564,51.569961221792,56.8454499882223,9.14671479421401
01-Aug-1999,225,276.276102353127,-20.2336073049028,-29.4739151895874,-21.8021871635397
01-Sep-1999,221,253.4815357204,11.3255774538603,-22.4767339640559,-10.0048017563439
01-Oct-1999,244,265.798298231095,-22.8703945848672,-9.32418499257368,-12.4741132385217
01-Nov-1999,233,248.347947202507,2.92490210314511,-20.2850883603029,4.9371411577963
01-Dec-1999,248,254.939990738825,13.5560737682653,3.45282298931572,-10.3928137281409
01-Jan-2000,307,275.853111629982,-27.2640495606588,39.8885181750599,-8.74162980504173
01-Feb-2000,282,259.049772011427,43.4504500053615,-1.36782558956724,24.3180535781405
01-Mar-2000,354,304.326954038372,-8.87572156082557,25.545449548307,24.1275964133208
01-Apr-2000,291,288.711607243668,-0.400548723284549,-10.9098883481077,13.1982811044395
01-May-2000,228,276.885463363856,-24.7862372440272,-38.9407472864238,-9.94471607743193
01-Jun-2000,232,244.20444229088,-12.9059068039952,-1.18654570588697,-11.0178965849933
01-Jul-2000,186,227.31558923736,49.3036873113225,-9.61378606657274,-31.7018031707874
01-Aug-2000,285,283.891863877852,-20.8907588338515,0.00112628363670098,1.10700983851143
01-Sep-2000,356,269.88065522187,11.3602555491598,58.1173440746108,28.0020007035193
01-Oct-2000,229,278.178519870938,-14.9776596927025,-24.1128216726433,-25.0656981982952
01-Nov-2000,302,269.037893901546,3.49245913246044,21.2461407329094,11.7159653655446
01-Dec-2000,233,274.207704077177,5.25978590163008,-32.0548595269917,-9.15284455018553
01-Jan-2001,280,284.394503150665,-34.977854850688,-9.90846209203203,5.51395894136743
01-Feb-2001,223,252.38596368153,44.2555074278844,-23.9508813135398,-5.43508236799022
01-Mar-2001,384,301.540479630702,-3.55445064640967,38.2358179519381,44.2237024173596
01-Apr-2001,259,287.183679294151,3.12418955020897,-9.97486311888203,-18.2088161752689
01-May-2001,325,285.97044926513,-26.0595628309605,35.9082854212794,3.12126531359104
01-Jun-2001,226,254.465280473367,-12.5142845301745,-10.2987071763588,-18.1665732970079
01-Jul-2001,239,242.955322014733,41.1120909469963,-4.99144350932754,1.03612149459494
01-Aug-2001,267,284.703870359958,-26.8800056635835,-25.4335775236626,7.72970716370492
01-Sep-2001,246,255.715936292135,11.9228580236035,-4.40384892045663,-5.31208737167802
01-Oct-2001,239,267.416890421296,-6.21565141539121,2.2074951442717,-30.6243855655678
01-Nov-2001,240,271.852338082403,10.877344170248,-6.29094864318148,-25.5613894392213
01-Dec-2001,418,302.456198131192,-3.8217479121041,53.1442779696378,62.3995238991704
01-Jan-2002,264,296.206392341748,-41.4682674061813,-25.6215190114007,-6.58487333034685
01-Feb-2002,247,254.64798652867,37.2231515124255,11.5343073332902,-19.1822938619603
01-Mar-2002,270,298.591557113107,2.62441115423696,-17.1156879670735,-11.475869146034
01-Apr-2002,309,312.010825308137,5.16013388764575,-22.0992961402075,19.0884708320701
01-May-2002,342,321.188570057271,-22.4249689815696,6.56049941292407,14.2509305298045
01-Jun-2002,314,297.72150519932,-14.6785037160243,14.5194271138079,1.75906768687173
01-Jul-2002,264,281.376359258238,33.3081962311839,-10.5900872411319,-6.78627201710623
01-Aug-2002,396,315.427338121089,-29.7881021038286,43.8321978407317,36.7404640381796
01-Sep-2002,248,273.337538987921,8.53393818799436,-31.2438635917214,5.90632460380002
01-Oct-2002,274,267.472775299673,-2.32894155419184,5.74485226466529,0.782372435661784
01-Nov-2002,234,250.46735526539,8.60173635416467,-9.31967437699984,-7.14768088839062
01-Dec-2002,232,246.930354031226,-2.89165154840434,-16.4705948750075,1.54024084378187
01-Jan-2003,259,231.353111693648,-42.2873502348791,17.793429073162,9.85345923318982
01-Feb-2003,167,172.881759532918,28.1327017328105,4.41686939041617,-10.2986289233338
01-Mar-2003,179,188.486925283994,-0.781938660466563,-3.435661617121,-6.05126366687301
01-Apr-2003,196,177.325915226886,4.42801033916411,18.625758637204,0.0483261359097469
01-May-2003,138,171.357696266985,-14.4288945214108,-24.8910337248801,-8.46666254210527
01-Jun-2003,171,149.538609801191,-14.6298614344384,6.66706565043036,14.7943245483787
01-Jul-2003,109,122.265920923016,24.5769683601017,-5.63683605609732,-7.6290848669186
01-Aug-2003,126,136.908722303636,-29.4232288354964,-0.937545870561246,-9.97117643307487
01-Sep-2003,103,101.091532405556,6.93115227817294,8.25086826816683,-6.34240067372311
01-Oct-2003,105,103.8805546406,0.934968439252907,4.36501849866846,-3.24557313926883
01-Nov-2003,92,101.825714160364,7.04430069505646,-3.18411302004938,-6.64160114031414
01-Dec-2003,97,108.238266272384,-0.669797897232671,-3.44565135640628,-7.79261491597775
01-Jan-2004,115,109.703440611751,-35.8283309329775,-3.74158769361451,9.03814708186307
01-Feb-2004,69,72.8011424294703,22.2158805290916,-3.49282780751601,-0.308314621954338
01-Mar-2004,96,94.0525209520243,-2.6533021891113,3.57499903183006,-1.6275199838544
01-Apr-2004,114,91.0125578883003,3.32551797519849,7.74964708916569,15.237795022534
01-May-2004,98,88.5413279784592,-8.19293534153296,1.55604457946382,7.90262744207703
01-Jun-2004,59,71.7458646498836,-9.95093529084584,0.614549224756173,-13.3604138746398
01-Jul-2004,39,57.9359355546133,19.4808078221528,-5.03318663243803,-13.9027489221752
01-Aug-2004,69,78.4938365351769,-26.236539889468,-8.27798084422214,-1.21585569095478
01-Sep-2004,65,53.7660720173573,5.31123522468853,4.56381344147656,6.67011454116609
01-Oct-2004,51,58.2178987666313,2.31892712307981,-3.16888022228438,-4.0490185443469
01-Nov-2004,68,61.1149969721889,6.09823130999567,5.0747319257912,1.81027110201993
01-Dec-2004,75,67.1486735529615,1.48115243366839,7.07280080299851,0.778525644040002
01-Jan-2005,62,68.2888604336704,-27.2589637201616,-5.16006738975323,-1.12879304391717
01-Feb-2005,53,41.089702307249,16.6317133140086,1.30376317774228,10.6065345150087
01-Mar-2005,50,54.0154352518427,-5.80834080319236,-2.0505665033396,-1.96486874850313
01-Apr-2005,33,45.1987288507789,2.44461138711389,-5.94386917902646,-6.25485967175247
01-May-2005,47,46.8557247559108,-1.29989833495287,2.30906419926965,-2.16478895518044
01-Jun-2005,50,45.5368061713844,-5.55465070511798,4.94693953587136,-0.48374570725575
01-Jul-2005,35,40.1348862058159,14.0058291402152,-2.19362204060258,-2.94126416521332
01-Aug-2005,51,55.3377241475261,-23.4788065858918,1.67526795387756,-6.01299210140366
01-Sep-2005,42,35.1908028602535,5.02405370751876,3.6983680473923,3.11082909235415
01-Oct-2005,30,42.442260802083,2.82904018647448,-12.7557131893409,0.313452387257932
01-Nov-2005,69,47.3874158475889,4.00662165154864,8.61653073667522,12.9960534157359
01-Dec-2005,45,48.8959821539293,3.34563717928945,-1.49010172095093,-2.40588043297834
01-Jan-2006,38,50.5977572922154,-19.3847484673596,-5.6653264268564,-6.93243086535904
01-Feb-2006,63,32.0304644561206,13.2312378435281,15.3761171746401,15.5934183692393
01-Mar-2006,29,40.5428090009786,-8.92591957404145,-8.94318812152937,-2.59962087944923
01-Apr-2006,21,27.8209758068323,0.715275611754327,0.201803952060581,-7.02277975889291
01-May-2006,26,27.233733299241,2.75248778467475,1.22434154079695,-2.45807484003792
01-Jun-2006,22,29.5564275774868,-2.13359473623416,-7.37271125246658,-0.183716325020256
01-Jul-2006,28,27.0582667054588,11.4972816440812,3.34370761266433,-2.40197431812316
01-Aug-2006,42,39.0437886754842,-21.2153297264872,3.13878972065477,-0.182578396138979
01-Sep-2006,18,18.3815226308057,4.52245557427525,-0.986047834220906,0.604525203415193
01-Oct-2006,25,23.2424088677661,1.56659580517762,4.60687083247449,-2.84927970024063
01-Nov-2006,22,26.1590548693311,2.54415812921154,-3.66680329219818,-0.492251577132933
01-Dec-2006,31,30.228034141735,4.98075138423456,-1.74772672775461,2.51969258601959
01-Jan-2007,34,35.839005048013,-13.5080033215981,-1.09600480579689,-0.743000242216141
01-Feb-2007,25,23.2250189930279,12.0016823307648,-1.73164881182423,3.50662981879629
01-Mar-2007,43,34.8757108707855,-10.9849079461365,3.34545226039134,4.77883686882318
01-Apr-2007,23,21.8431153293888,-0.628026036784318,1.76707162143279,-0.610186950821582
01-May-2007,16,19.3840448856593,4.1667048798123,1.24986168688576,-4.63390657254502
01-Jun-2007,22,23.364945875188,-0.285824881367537,0.286262729981695,-1.65120860516968
01-Jul-2007,23,23.4795687372623,10.2660714059354,-1.96547443445953,1.48590569719722
01-Aug-2007,29,33.6185260511353,-17.9441682739533,-3.09021113820753,-1.52831491292774
01-Sep-2007,14,16.0898626563057,4.80888938588158,-0.14345987566908,-1.94640278063659
01-Oct-2007,17,22.0053154625899,-0.211999941264061,-2.83309645500718,-2.17221900758275
01-Nov-2007,34,23.6711121693279,0.320892672339744,6.70788850857478,3.62099932209733
01-Dec-2007,24,24.5841875692649,5.79926672278751,-1.84190178024129,1.25771421097635
01-Jan-2008,41,30.5290931919128,-8.89653658560233,5.30034067938288,5.17056612870428
01-Feb-2008,16,19.9424172581968,11.1539068731715,-2.63539097735012,-1.30702628084663
01-Mar-2008,25,29.8702365633078,-11.6435921869688,-2.44082140989776,-2.42941515341008
01-Apr-2008,11,17.8631059727057,-0.925334394005114,-2.7420446876008,-4.1210612851049
01-May-2008,15,18.0373910725681,4.05558638740876,0.839510792921624,-3.87690186548976
01-Jun-2008,21,24.5690675253523,-0.257026613202651,-2.79813314367874,-0.770934381673534
01-Jul-2008,45,27.0618465694473,9.07769045214316,8.11150370091933,9.8266497296334
01-Aug-2008,28,35.4004500943845,-13.6447719440301,-3.44946300634044,-3.95098708804401
01-Sep-2008,26,22.4193653050796,5.83418800974347,3.09183635923062,0.488798335689793
01-Oct-2008,28,28.7436955752429,-2.53440731937051,-3.02936192179593,2.28566634655306
01-Nov-2008,30,25.8879184967795,-2.25953104524818,0.0956633811617147,4.01641812205878
01-Dec-2008,17,21.8810127174102,5.62423584940751,-1.53379643947237,-3.34721627793787
01-Jan-2009,25,26.9462827382884,-5.2696053633598,-0.519518879985908,-1.42676385830254
01-Feb-2009,30,21.6242754295159,10.8666456554227,4.04456826106099,4.3311563094231
01-Mar-2009,21,30.9007682736633,-10.8806845172387,-3.99616734062712,-5.90460093303617
01-Apr-2009,27,20.5263238131681,-0.742504543592512,4.30523223230445,2.16844395452741
01-May-2009,17,19.520166408487,2.64499406698757,-3.47462377575926,0.954457367272294
01-Jun-2009,26,21.5626332958214,-2.11756930441378,1.27707509644855,3.16029160773003
01-Jul-2009,14,17.7204943803622,8.6178022202602,-0.666252135072724,-3.05424224528948
01-Aug-2009,26,25.6981172359021,-9.95247074633537,1.22533593193414,-0.923453167836289
01-Sep-2009,12,15.4333335898213,7.68922609169963,-1.17124904968435,-2.26208454013696
01-Oct-2009,27,23.6133862234719,-4.41167964690205,2.65851379638881,0.728099980139291
01-Nov-2009,14,19.4340256219297,-3.78829687548201,-4.13086344340212,-1.30316217852758
01-Dec-2009,17,16.340727645691,4.89836155168602,1.53540511958411,-0.876132765275091
01-Jan-2010,18,22.2451537387171,-3.77208378418127,-1.335348695654,-2.90980504306312
01-Feb-2010,21,20.5122431866721,11.1276615569565,-0.0050284375123415,0.492785250840207
01-Mar-2010,44,33.5041175513362,-9.89259437051828,3.79890115972176,6.69698128894209
01-Apr-2010,20,23.0980132650737,0.971883754273364,-0.731364402203101,-2.36664886287063
01-May-2010,25,24.3966514759957,1.10427926143136,0.0380160724578453,0.565332451546496
01-Jun-2010,28,25.6269673245832,-3.63863560272263,-1.21860674472344,3.59163942014022
01-Jul-2010,18,20.8391784443216,7.29377289698482,-2.47882889473727,-0.360349549584321
01-Aug-2010,23,27.1117379930378,-7.2147772045508,0.658110845712789,-4.76984883875057
01-Sep-2010,16,20.5692534367266,9.18438020587211,-1.29054438747666,-3.27870904924993
01-Oct-2010,49,31.59001211901,-4.98120146774987,6.70866105852683,10.7013268224632
01-Nov-2010,19,24.6457477287731,-3.85654408263124,-2.75834048422668,-2.8874072445464
01-Dec-2010,18,19.8512972114821,3.63360214036689,1.96389136194385,-3.81518857342597
01-Jan-2011,17,23.9015525574061,-3.73807710492897,-3.25045623627273,-3.6510963211334
01-Feb-2011,16,21.8764283360107,9.86903993205908,-3.71501580545223,-2.16141253055844
01-Mar-2011,40,34.2258176048602,-7.70649465309777,3.1829353714337,2.59124702370612
01-Apr-2011,23,28.0796656968492,2.5550803835917,-2.99274639891038,-2.08691929793881
01-May-2011,47,32.9360369068539,0.310161946710324,6.51932726989145,7.54463582325467
01-Jun-2011,32,32.8688123381813,-4.29352706647755,-0.776894665878047,-0.091917672303218
01-Jul-2011,23,28.2305335702306,5.78505091084386,-0.468292350897566,-4.76224121933303
01-Aug-2011,37,35.3616377368234,-5.81446067959771,-0.231654808730195,1.87001707190683
01-Sep-2011,30,30.2292920558292,7.8862499641272,-3.86776593909963,3.63847388327044
01-Oct-2011,40,37.5058388608442,-3.73187663148904,1.3891909106024,1.10497022855338
01-Nov-2011,28,32.7719460701295,-2.54643078694894,-0.0679376822695192,-4.70400838785998
01-Dec-2011,21,30.8936288663793,3.18242549079463,-0.720492928114241,-9.17313593826505
01-Jan-2012,48,38.0010344037355,-4.25367334549422,7.15434434896092,2.84462124730355
01-Feb-2012,31,36.6623755266558,7.00200859602412,-6.67981406738884,1.01743854073309
01-Mar-2012,55,46.2181631876132,-6.11367294240308,4.31964736197156,4.46218945041525
01-Apr-2012,34,41.0739959196656,2.76110606565427,-3.73159378408748,-3.34240213557813
01-May-2012,38,45.9913073332238,1.05493430030243,-6.65583335790818,-1.33547397531559
01-Jun-2012,70,49.6765989434386,-3.37473993244663,10.8734015493304,9.44999950723101
01-Jul-2012,38,45.5770511210178,3.43985477968483,-6.89823421114814,-0.67881690986961
01-Aug-2012,66,48.5331078511359,-6.13040920863731,7.527207621358,9.9396845275061
01-Sep-2012,44,38.3898756867378,5.39039168009383,1.90276486340408,3.7073594498581
01-Oct-2012,26,38.4511688493508,-1.98569632945438,-7.05267999536913,-5.39848885398171
01-Nov-2012,30,33.0530748362089,-0.602765696055321,0.674266325962599,-3.72734116217146
01-Dec-2012,32,30.3612814043536,1.23481939473438,-0.58914525443888,2.22786385008528
01-Jan-2013,23,28.7160834707307,-4.0354442714398,-4.67231439519789,-1.04376907553281
01-Feb-2013,33,22.1712057716276,3.8864196979079,10.0135952209119,0.815199007460521
01-Mar-2013,15,23.2587605621434,-4.62004644169098,-4.56481780737407,-3.69394275476935
01-Apr-2013,24,17.151361258293,2.15700460795739,3.67475808991887,3.17388065178816
01-May-2013,15,16.6941458647514,0.852561964296906,-0.963621933864275,-0.730523930887113
01-Jun-2013,6,15.1918559332007,-1.08348579805369,-5.13844924888247,-4.05340668431822
01-Jul-2013,12,13.1926557797623,1.04739322583462,1.59403218373919,-2.7866879635015
01-Aug-2013,11,14.3137313661517,-5.29906948854077,-0.81681146169844,-2.49691990445322
01-Sep-2013,15,9.97486055638502,3.32842609001117,2.05430151729928,2.97083792631571
01-Oct-2013,14,13.2087072781185,-0.658906239380737,2.49541616815273,-1.70412344627122
01-Nov-2013,9,13.0602603986489,0.950029299763992,-1.58673669661077,-2.47352370203811
01-Dec-2013,14,15.3989586963058,0.42311187349659,-0.765352613856705,-0.633606082449045
01-Jan-2014,18,17.4356975771261,-2.05612686753666,-2.00845892758642,2.57276135046031
01-Feb-2014,22,16.0797543517498,1.76343418890935,-0.241008794385454,6.16125444263567
01-Mar-2014,17,16.3558560376853,-4.53385702131887,1.40770375345876,-0.763559791144033
01-Apr-2014,11,10.6057638015267,1.49572808841276,1.64501584789532,-1.25077964942198
01-May-2014,10,11.329338428676,1.81005080805509,1.41617449975556,-2.74551292843161
01-Jun-2014,12,13.3420135441083,1.94895828114099,0.116441709168268,-1.45845525327655
01-Jul-2014,15,16.0114118539543,-0.776260832624605,-2.33139619637494,1.31998434242059
01-Aug-2014,12,15.486938588551,-5.29751947494367,-2.98078543440505,-0.506153154145922
01-Sep-2014,16,10.6209132985171,1.92402971464925,0.969613463626401,4.40947323785648
01-Oct-2014,8,11.4108803801984,0.224973868899216,-3.30416747505166,-0.106712905146722
01-Nov-2014,16,10.5396793880235,1.88852604940272,8.16536950092834,-2.7050488889518
01-Dec-2014,10,12.29244183238,-0.517984116805842,-1.09841671214534,-1.19402512023463
01-Jan-2015,9,12.0626255115969,0.169076267350087,2.20996403743259,-5.27258954902952
01-Feb-2015,14,14.3918706215998,0.891599445668296,0.831674454000916,-1.22354507560076
01-Mar-2015,13,17.8780511926949,-5.09122430275674,-8.57190952003086,3.69385832733601
01-Apr-2015,8,14.0699259455821,0.279140325704718,-2.91863861097568,-3.15128733460641
01-May-2015,12,16.7510108455813,2.43912396286035,5.78217872552469,-10.533189571106
01-Jun-2015,12,25.3318246669281,4.95593939981062,-12.4337748960466,-0.898049770881551
01-Jul-2015,100,36.7483010676745,-2.04827698555309,26.45345680887,36.7982421234555
01-Aug-2015,13,28.0955676621424,-5.50668717404095,-10.8244032835683,-4.27116437857416
01-Sep-2015,14,17.5008751615879,0.29610529891735,2.50230175672612,-6.00317691831399
01-Oct-2015,10,14.8403668096925,0.78468306351466,-1.98593635120632,-2.85443045848618
01-Nov-2015,5,13.6818845016754,2.07073946706724,-7.08733963325955,-1.59454486841587
01-Dec-2015,5,14.3755921137336,-0.823624639697913,-4.76990372109336,-4.60568839264028
01-Jan-2016,31,13.8101574414918,0.399636578706341,10.3729989220286,6.81684363647963
01-Feb-2016,5,12.0477048622761,1.01172570843978,-4.24584402057176,-2.80186084170429
01-Mar-2016,11,11.8921251674191,-3.7872536024356,7.01828165117808,-7.91040681859721
01-Apr-2016,16,9.74610828429696,-1.03406529033686,1.0608173549129,5.19307436079014
01-May-2016,8,8.50951005355934,0.595463867942832,-4.8620441905814,4.35253413702207
01-Jun-2016,4,7.35710004677854,3.88660827132974,-0.72941022830477,-2.62768981847377
01-Jul-2016,6,10.4287798290742,0.26677761104156,-3.13403734216451,-1.29474248690967
01-Aug-2016,12,10.3403194443531,-3.9195227978304,-0.32560421580937,1.98528477145626
01-Sep-2016,6,5.36069529368178,0.0738361320572841,3.95982873178378,-3.32052402546556
01-Oct-2016,5,5.55336205560403,-0.322935108046234,0.728547141516809,-1.28190919712084
01-Nov-2016,8,5.80439168873181,1.25956296605799,1.89222419574469,0.303384115523502
01-Dec-2016,8,7.53020469970124,-0.977737353966311,-0.221860654988257,0.691655955287021
01-Jan-2017,2,6.77314912477527,0.785010578030014,-3.89957892542353,-0.873570199351743
01-Feb-2017,7,8.08899730040206,2.35662987347824,-0.18335246772342,-0.905644832678639
01-Mar-2017,11,11.2980084947054,-2.74683139865075,-0.949790735708919,0.651782241003563
01-Apr-2017,11,9.1721470722287,-1.53495263894045,0.480453076540345,1.34739985123095
01-May-2017,14,7.77977823730188,-0.813701122235791,4.16629903737014,2.05392272532798
01-Jun-2017,3,6.37942807139504,3.08604254358966,-1.71688062419296,-1.66254744720209
01-Jul-2017,12,9.46909899235951,1.13284168835163,1.47087967208432,1.06002133555617
01-Aug-2017,8,10.2292148907155,-2.55801831039314,-1.25985428868685,-0.969360602028603
01-Sep-2017,5,7.64263641230141,0.43810269613487,-2.93363942929608,0.291003016994667
01-Oct-2017,12,7.94886007834185,-0.456840689594311,2.1846421394626,1.86649778219555
01-Nov-2017,3,6.69745160404564,0.430692557026778,-1.56136581003775,-2.1360857940079
01-Dec-2017,10,7.09198072491504,-1.45273153004718,1.90444745503286,1.00357182005211
01-Jan-2018,4,5.24677365058293,0.458576254288926,0.331496488657921,-1.57827013924085
01-Feb-2018,6,5.87322963289665,3.00944382118495,0.515169381986788,-0.388399014883438
01-Mar-2018,5,9.18845190447247,-1.37246978447789,-1.90831537181727,-2.2801365326552
01-Apr-2018,14,8.93130926290136,-1.62911356345401,1.45382442222528,3.61486631487336
01-May-2018,7,7.13408640909029,-1.12583654169222,-1.72552489772525,1.59143848863496
01-Jun-2018,3,5.27510996188146,1.84759939510267,0.261914646433441,-2.5370246083149
01-Jul-2018,7,7.29032470236048,1.36564066063536,1.18312680185409,-1.47345150421457
01-Aug-2018,9,9.34672075794347,-2.19681597263684,-1.34172001349439,0.994999255550926
01-Sep-2018,12,7.48739170933178,0.844126735396417,2.29957626965146,2.21303202101675
01-Oct-2018,3,7.88328172744854,0.447745721596263,-1.48885709251271,-3.39442463493583
01-Nov-2018,9,9.08796067913499,-0.158981165016121,-0.0540309247380557,-0.033929754396933
01-Dec-2018,12,9.69795929840265,-1.33351753699755,-0.0722701217522391,2.37431082334959
01-Jan-2019,10,8.2904368405446,-0.60662674704213,0.29810753980782,1.41145561964758
01-Feb-2019,4,7.10867638712167,3.18961677084659,-1.42078616864334,-1.68789021847833
01-Mar-2019,14,10.3224346703781,-1.02067038361521,2.14530207785658,1.53226325176528
01-Apr-2019,7,8.7818849941501,-1.14221341066801,-1.24027719917715,-0.541607794972949
01-May-2019,8,7.31208686446052,-0.23226239910992,1.16781613212725,-0.479902996587766
01-Jun-2019,5,6.92262640425853,0.774548252068911,-0.41806361078985,-1.50456279346868
01-Jul-2019,9,8.07416251998888,0.97599560547032,0.17457370047907,0.751263779532049
01-Aug-2019,9,9.16041432558007,-2.64609054035618,-1.08231054548517,0.921896219905094
01-Sep-2019,5,6.29726630532121,1.48210889802932,0.042184076402905,-1.33945038172411
01-Oct-2019,7,8.03788148451436,1.15914865492489,-0.139530502176969,-0.89835098233739
01-Nov-2019,11,9.77449050635897,-0.560159072318898,-0.517540130930151,1.74304962457118
01-Dec-2019,15,9.17293256847393,-0.803515618223982,2.49581673211844,3.33125069940762
01-Jan-2020,4,7.14527766123743,-1.26870039713963,-0.561010019538935,-2.5842676416985
01-Feb-2020,4,5.56996657939741,2.73036158318153,-0.525868273497915,-1.04409830589949
01-Mar-2020,12,8.36441826982399,-1.11629706251999,1.29394508339974,2.34163664677628
01-Apr-2020,2,6.48082737828204,-0.743677423458591,-2.61611838747434,-1.8647089908077
01-May-2020,3,5.63190978083992,1.08603345861709,-0.242322237386845,-2.38958754345308
01-Jun-2020,9,7.46111167774288,-0.111731120004841,0.907403648916719,0.631484673340399
01-Jul-2020,9,7.86834418007316,0.94080709265075,-0.492080216081051,1.62373603600789
01-Aug-2020,11,8.75161723094307,-2.82619505995909,1.59704585912402,0.651336909932903
01-Sep-2020,8,5.63663489665679,1.26352803472314,0.968442417610919,1.39492268573229
01-Oct-2020,5,6.11611678977766,1.37885079133946,-1.51402079211479,0.397904002337129
01-Nov-2020,7,6.5696480288109,-0.81141916110512,0.631765754565398,-0.201413783376301
01-Dec-2020,1,4.90442006164294,0.795466385067754,-1.40696735094258,-2.49745271070037
01-Jan-2021,5,5.73278312850451,-1.83905489475487,-0.827011804395451,0.0942286758909381
01-Feb-2021,6,3.89316959377982,1.93733631894169,1.73604884968631,0.370781556533872
01-Mar-2021,2,5.69830352247526,-1.23868614428089,-0.778058778834374,-2.92024474364089
01-Apr-2021,5,5.36423023132655,-0.451527969464834,1.21311514485263,-1.57734537617918
01-May-2021,6,6.37734205576875,2.26412049651076,-0.47245289712387,0.0951108413551207
01-Jun-2021,14,10.0723338169075,-0.874045560337173,0.770042209288242,3.15762397380423
01-Jul-2021,6,9.50806421710559,1.53216097172769,-2.61941840244003,-0.88864581466556
01-Aug-2021,17,11.6655094740102,-2.96916294262498,2.10915474678232,3.22533577920751
01-Sep-2021,7,8.17649484527809,0.882006669237183,-2.14539654737423,0.968901702096147
01-Oct-2021,10,8.19464713608035,1.27648805062932,2.02107159660854,-0.215718732688888
01-Nov-2021,9,8.68387044029829,-0.90505924908317,0.516569751959267,-0.200440192257552
01-Dec-2021,7,7.06271152340575,2.12230951833051,-0.103334018975791,0.0406224955700401
01-Jan-2022,9,8.45449860243734,-2.04170182884221,0.490309430482328,0.0551919670803311
01-Feb-2022,2,5.66267876001925,1.69977418269515,-1.10947868297599,-2.55320007704326
01-Mar-2022,4,7.51883318242293,-1.54221279749003,-2.23299573591277,-1.28583744651016
01-Apr-2022,9,6.58952943714991,-0.638531663471202,2.02870128813958,0.381769274710507
01-May-2022,2,6.42836195270134,2.75328289687723,-2.24382607889989,-2.18453587380145
01-Jun-2022,16,10.4346152850962,-1.03341016643045,3.52433585276231,2.04104886214154
01-Jul-2022,7,9.92951349380059,2.30195658357907,-0.523130828111453,-2.40638266568913
01-Aug-2022,17,13.6141500714075,-2.70073679085689,1.15167589078395,2.23417403780855
01-Sep-2022,8,11.502863288015,0.534229643833761,-2.01718414643027,-1.48567914158472
01-Oct-2022,13,13.1540243376167,0.697939373159328,0.129839045787534,-0.283863383404269
01-Nov-2022,10,15.0696790948703,-1.06819979499577,-2.21601735794335,-2.85366173692698
01-Dec-2022,20,16.2323700333071,3.07537671447262,0.16648037415279,3.60114959254011
01-Jan-2023,31,20.2600710872954,-1.47983627262977,3.59633024407704,7.14359866862756
01-Feb-2023,9,17.19626762987,1.5777660954782,-3.02822805288521,-5.16803957698484
01-Mar-2023,26,19.0249477516118,-1.8583042772492,5.47646066391085,1.49859158447735
01-Apr-2023,12,16.8854916175291,-0.936299589084587,-5.07596088619342,0.190469268664291
01-May-2023,25,15.6004152091567,2.41116209341237,3.76081754752119,5.63876724332211
01-Jun-2023,5,15.6607902598332,-1.0531133415536,-4.95974537776755,-5.70104488206568
01-Jul-2023,16,14.28101139816,2.25428054599041,1.43120823363469,0.287780368205334
01-Aug-2023,15,16.106451743929,-1.09288438411322,-0.529815602932223,-0.576636140996744
01-Sep-2023,14,14.7894583356953,0.253620783533807,1.42932918248669,-2.21878751818201
01-Oct-2023,16,15.6067371908901,-0.0485672443030727,0.632688235538154,-0.239425426428269
01-Nov-2023,20,16.206834568577,-2.62820626595997,1.50860468255783,2.28456074886518
01-Dec-2023,16,13.4161734408701,3.50054451888555,-1.56550032303707,4.14932688216701
01-Jan-2024,14,15.2810696711362,0.483638008586373,-0.937174665070748,-0.343895006065409
01-Feb-2024,11,14.2511572341646,1.07123749649942,-1.30111355311344,-1.95004368105117
01-Mar-2024,14,14.5011955060681,-1.46595171846476,-0.0192402582311786,-0.481955247836941
01-Apr-2024,12,12.3851598603371,-1.95507302258428,1.43376238445491,-1.81892224479205
01-May-2024,14,10.4258002581327,2.90730402210553,2.62355293438291,0.950646807484429
01-Jun-2024,9,12.9912962982714,-1.94167999118136,-1.15723563127117,-2.83406066700024
01-Jul-2024,9,11.7140244330724,2.23487376135319,0.557446124796489,-3.27147055786884
01-Aug-2024,15,15.7748221659713,1.62717918446823,-2.93836885266875,2.1635466866975
01-Sep-2024,11,18.4597711494921,0.346541411926838,-3.0555412873191,-4.40422986217298
01-Oct-2024,25,21.427777549509,-0.54960567574587,4.1526221830149,-0.580399732523951
01-Nov-2024,31,23.7057042783752,-5.00279386814542,-3.36339074184193,10.6576864634668
01-Dec-2024,25,17.7464956615995,4.33541613981285,6.71868513469267,0.53481920370778
01-Jan-2025,3,20.9356127274827,2.53269566303731,1.65011808538025,-19.5857308128629
01-Feb-2025,21,29.2758046461437,0.49029983805973,-8.06553680886072,-0.210267837282991
01-Mar-2025,52,35.6482550643874,-0.250402340411893,7.51063062131144,8.84111431430112
01-Apr-2025,25,38.1410191113176,-2.52519465436177,-5.43845348368715,-7.70256562763041
01-May-2025,30,41.0937402084532,2.97392043248235,-10.5046653048699,-0.589074903583221
01-Jun-2025,85,49.754723875998,-3.90442430962735,14.9305148865191,20.3147612374829
01-Jul-2025,33,44.3247296266003,2.46800070028725,-5.2305374677113,-6.09419215888897
01-Aug-2025,38,47.4308664737979,4.79140089033907,-3.4368780742772,-5.99398839952075
01-Sep-2025,108,54.9885328586953,-1.19251240020056,22.4979430636401,30.5135240776646
01-Oct-2025,23,45.7286436832365,-1.73044371662542,-20.6001811815612,-2.12846250167534
01-Nov-2025,34,36.6865209360374,-6.39613733525647,6.97345766531322,-9.65997860135062
01-Dec-2025,11,26.4084215781394,5.37939823504133,-4.47467107241444,-10.933750505725
