mes,Cantidad_OMC,IPC,BR_r,Cantidad_Pol,Secuestro_simple_OMC,Secuestro_simple_Polic’a,Cantidad,Cantidad_Simple,Cantidad_Extorsivo
1954m7,0,0.03,8,,0,,0,0,0
1954m8,0,0.03,9,,0,,0,0,0
1954m9,0,0.03,9,,0,,0,0,0
1954m10,0,0.03,8,,0,,0,0,0
1954m11,0,0.03,8,,0,,0,0,0
1954m12,0,0.03,9,,0,,0,0,0
1955m1,0,0.03,8,,0,,0,0,0
1955m2,0,0.03,8,,0,,0,0,0
1955m3,0,0.03,8,,0,,0,0,0
1955m4,0,0.03,8,,0,,0,0,0
1955m5,0,0.03,8,,0,,0,0,0
1955m6,0,0.03,8,,0,,0,0,0
1955m7,0,0.03,8.5,,0,,0,0,0
1955m8,0,0.03,8.5,,0,,0,0,0
1955m9,4,0.03,8.5,,0,,4,0,4
1955m10,0,0.03,8,,0,,0,0,0
1955m11,0,0.03,8,,0,,0,0,0
1955m12,0,0.03,8,,0,,0,0,0
1956m1,0,0.03,8,,0,,0,0,0
1956m2,0,0.03,8,,0,,0,0,0
1956m3,0,0.03,8,,0,,0,0,0
1956m4,0,0.03,8,,0,,0,0,0
1956m5,0,0.03,7.5,,0,,0,0,0
1956m6,0,0.03,6,,0,,0,0,0
1956m7,0,0.03,6,,0,,0,0,0
1956m8,0,0.03,6,,0,,0,0,0
1956m9,0,0.03,6,,0,,0,0,0
1956m10,0,0.03,6,,0,,0,0,0
1956m11,0,0.03,6,,0,,0,0,0
1956m12,0,0.03,6,,0,,0,0,0
1957m1,0,0.03,6,,0,,0,0,0
1957m2,0,0.03,8,,0,,0,0,0
1957m3,0,0.03,8,,0,,0,0,0
1957m4,0,0.03,8,,0,,0,0,0
1957m5,0,0.03,8,,0,,0,0,0
1957m6,0,0.03,9,,0,,0,0,0
1957m7,0,0.03,8,,0,,0,0,0
1957m8,0,0.03,9,,0,,0,0,0
1957m9,6,0.03,10,,0,,6,0,6
1957m10,3,0.03,10,,3,,3,3,0
1957m11,0,0.03,10,,0,,0,0,0
1957m12,0,0.03,9,,0,,0,0,0
1958m1,3,0.03,9,,2,,3,2,1
1958m2,0,0.03,10,,0,,0,0,0
1958m3,1,0.04,10,,0,,1,0,1
1958m4,2,0.04,10,,0,,2,0,2
1958m5,0,0.04,10,,0,,0,0,0
1958m6,0,0.04,10,,0,,0,0,0
1958m7,0,0.04,10,,0,,0,0,0
1958m8,1,0.04,10,,0,,1,0,1
1958m9,0,0.04,10,,0,,0,0,0
1958m10,0,0.04,10,,0,,0,0,0
1958m11,0,0.04,10,,0,,0,0,0
1958m12,0,0.04,10,,0,,0,0,0
1959m1,0,0.04,10,,0,,0,0,0
1959m2,0,0.04,8,,0,,0,0,0
1959m3,0,0.04,8,,0,,0,0,0
1959m4,0,0.04,10,,0,,0,0,0
1959m5,0,0.04,10,,0,,0,0,0
1959m6,0,0.04,12,,0,,0,0,0
1959m7,0,0.04,12,,0,,0,0,0
1959m8,0,0.04,12,,0,,0,0,0
1959m9,0,0.04,11,,0,,0,0,0
1959m10,0,0.04,11,,0,,0,0,0
1959m11,0,0.04,12,,0,,0,0,0
1959m12,1,0.04,12,,0,,1,0,1
1960m1,0,0.04,10,,0,,0,0,0
1960m2,0,0.04,10,,0,,0,0,0
1960m3,0,0.04,10,,0,,0,0,0
1960m4,0,0.04,10,,0,,0,0,0
1960m5,7,0.04,11,,0,,7,0,7
1960m6,0,0.04,12,,0,,0,0,0
1960m7,0,0.04,12,,0,,0,0,0
1960m8,4,0.04,12,,0,,4,0,4
1960m9,0,0.04,10,,0,,0,0,0
1960m10,0,0.04,11,,0,,0,0,0
1960m11,0,0.04,11,,0,,0,0,0
1960m12,0,0.04,12,,0,,0,0,0
1961m1,4,0.04,12,,0,,4,0,4
1961m2,0,0.04,10,,0,,0,0,0
1961m3,2,0.04,10,,0,,2,0,2
1961m4,4,0.05,8,,0,,4,0,4
1961m5,0,0.05,8,,0,,0,0,0
1961m6,0,0.05,8,,0,,0,0,0
1961m7,1,0.05,10,,0,,1,0,1
1961m8,0,0.05,11,,0,,0,0,0
1961m9,0,0.05,12,,0,,0,0,0
1961m10,1,0.05,11,,0,,1,0,1
1961m11,0,0.05,12,,0,,0,0,0
1961m12,0,0.05,10,,0,,0,0,0
1962m1,6,0.05,12,,0,,6,0,6
1962m2,0,0.05,8,,0,,0,0,0
1962m3,0,0.05,12,,0,,0,0,0
1962m4,0,0.05,8,,0,,0,0,0
1962m5,0,0.05,8,,0,,0,0,0
1962m6,0,0.05,10,,0,,0,0,0
1962m7,1,0.05,10,,0,,1,0,1
1962m8,3,0.05,10,,0,,3,0,3
1962m9,10,0.05,10,,0,,10,0,10
1962m10,4,0.05,12,,4,,4,4,0
1962m11,0,0.05,12,,0,,0,0,0
1962m12,1,0.05,12,,1,,1,1,0
1963m1,8,0.05,12,,0,,8,0,8
1963m2,5,0.05,12,,0,,5,0,5
1963m3,4,0.06,9,,1,,4,1,3
1963m4,5,0.06,9,,3,,5,3,2
1963m5,0,0.06,12,,0,,0,0,0
1963m6,4,0.06,12,,0,,4,0,4
1963m7,1,0.06,9.5,,0,,1,0,1
1963m8,4,0.06,9,,0,,4,0,4
1963m9,2,0.06,9,,0,,2,0,2
1963m10,1,0.06,9,,1,,1,1,0
1963m11,0,0.06,12,,0,,0,0,0
1963m12,1,0.06,12,,0,,1,0,1
1964m1,0,0.07,9.5,,0,,0,0,0
1964m2,2,0.07,10,,2,,2,2,0
1964m3,6,0.07,10,,0,,6,0,6
1964m4,1,0.07,10,,0,,1,0,1
1964m5,2,0.07,12,,0,,2,0,2
1964m6,1,0.07,12,,1,,1,1,0
1964m7,1,0.07,12,,1,,1,1,0
1964m8,0,0.07,12,,0,,0,0,0
1964m9,0,0.07,12,,0,,0,0,0
1964m10,0,0.07,12,,0,,0,0,0
1964m11,0,0.07,12,,0,,0,0,0
1964m12,1,0.07,12,,0,,1,0,1
1965m1,5,0.07,12,,0,,5,0,5
1965m2,5,0.07,12,,0,,5,0,5
1965m3,8,0.07,12,,1,,8,1,7
1965m4,10,0.07,12,,0,,10,0,10
1965m5,1,0.07,12,,0,,1,0,1
1965m6,1,0.08,14,,0,,1,0,1
1965m7,2,0.08,12,,0,,2,0,2
1965m8,2,0.08,12,,0,,2,0,2
1965m9,0,0.08,12,,0,,0,0,0
1965m10,1,0.08,14,,0,,1,0,1
1965m11,1,0.08,12,,0,,1,0,1
1965m12,1,0.08,12,,0,,1,0,1
1966m1,6,0.08,14,,0,,6,0,6
1966m2,0,0.08,14,,0,,0,0,0
1966m3,0,0.09,14,,0,,0,0,0
1966m4,0,0.09,12,,0,,0,0,0
1966m5,1,0.09,12,,0,,1,0,1
1966m6,0,0.09,14,,0,,0,0,0
1966m7,0,0.09,14,,0,,0,0,0
1966m8,0,0.09,14,,0,,0,0,0
1966m9,0,0.09,12,,0,,0,0,0
1966m10,0,0.09,14,,0,,0,0,0
1966m11,0,0.09,14,,0,,0,0,0
1966m12,0,0.09,14,,0,,0,0,0
1967m1,0,0.09,13.5,,0,,0,0,0
1967m2,0,0.09,13.5,,0,,0,0,0
1967m3,0,0.09,13.5,,0,,0,0,0
1967m4,0,0.09,12.5,,0,,0,0,0
1967m5,0,0.09,12.5,,0,,0,0,0
1967m6,0,0.1,12.5,,0,,0,0,0
1967m7,0,0.1,14,,0,,0,0,0
1967m8,0,0.1,14,,0,,0,0,0
1967m9,0,0.1,14,,0,,0,0,0
1967m10,0,0.1,14,,0,,0,0,0
1967m11,0,0.1,14,,0,,0,0,0
1967m12,0,0.1,14,,0,,0,0,0
1968m1,0,0.1,12,,0,,0,0,0
1968m2,1,0.1,12,,1,,1,1,0
1968m3,1,0.1,13,,0,,1,0,1
1968m4,18,0.1,12,,0,,18,0,18
1968m5,0,0.1,12,,0,,0,0,0
1968m6,0,0.1,12,,0,,0,0,0
1968m7,1,0.1,12,,0,,1,0,1
1968m8,0,0.1,12,,0,,0,0,0
1968m9,0,0.1,14,,0,,0,0,0
1968m10,0,0.1,14,,0,,0,0,0
1968m11,0,0.1,14,,0,,0,0,0
1968m12,0,0.1,12,,0,,0,0,0
1969m1,0,0.11,14,,0,,0,0,0
1969m2,0,0.11,13,,0,,0,0,0
1969m3,0,0.11,12,,0,,0,0,0
1969m4,1,0.11,14,,0,,1,0,1
1969m5,2,0.11,12,,0,,2,0,2
1969m6,1,0.11,12,,0,,1,0,1
1969m7,1,0.11,12,,0,,1,0,1
1969m8,2,0.11,12,,0,,2,0,2
1969m9,1,0.11,12,,0,,1,0,1
1969m10,15,0.11,14,,0,,15,0,15
1969m11,3,0.11,12,,0,,3,0,3
1969m12,0,0.11,12,,0,,0,0,0
1970m1,0,0.11,12,,0,,0,0,0
1970m2,4,0.11,14,,0,,4,0,4
1970m3,0,0.11,14,,0,,0,0,0
1970m4,0,0.12,12.5,,0,,0,0,0
1970m5,24,0.12,12,,0,,24,0,24
1970m6,2,0.12,12,,0,,2,0,2
1970m7,5,0.12,14,,0,,5,0,5
1970m8,0,0.12,12,,0,,0,0,0
1970m9,0,0.12,14,,0,,0,0,0
1970m10,3,0.12,12.5,,2,,3,2,1
1970m11,2,0.12,12.5,,0,,2,0,2
1970m12,0,0.12,12.5,,0,,0,0,0
1971m1,1,0.12,14,,0,,1,0,1
1971m2,9,0.12,14,,0,,9,0,9
1971m3,0,0.12,14,,0,,0,0,0
1971m4,1,0.13,13.5,,0,,1,0,1
1971m5,0,0.13,14,,0,,0,0,0
1971m6,1,0.13,14,,0,,1,0,1
1971m7,1,0.13,12,,0,,1,0,1
1971m8,3,0.13,13.18,,0,,3,0,3
1971m9,2,0.13,14,,0,,2,0,2
1971m10,0,0.14,14,,0,,0,0,0
1971m11,1,0.14,14,,0,,1,0,1
1971m12,1,0.14,14,,0,,1,0,1
1972m1,9,0.14,14,,0,,9,0,9
1972m2,0,0.14,14,,0,,0,0,0
1972m3,6,0.14,14,,0,,6,0,6
1972m4,3,0.14,14,,0,,3,0,3
1972m5,5,0.15,14,,0,,5,0,5
1972m6,1,0.15,14,,0,,1,0,1
1972m7,0,0.15,14,,0,,0,0,0
1972m8,0,0.15,14,,0,,0,0,0
1972m9,4,0.15,14,,0,,4,0,4
1972m10,1,0.15,14,,0,,1,0,1
1972m11,0,0.16,14,,0,,0,0,0
1972m12,0,0.16,14,,0,,0,0,0
1973m1,5,0.16,14,,0,,5,0,5
1973m2,1,0.16,14,,1,,1,1,0
1973m3,1,0.17,14,,0,,1,0,1
1973m4,0,0.17,14,,0,,0,0,0
1973m5,1,0.18,14,,0,,1,0,1
1973m6,3,0.18,14,,2,,3,2,1
1973m7,5,0.19,14,,4,,5,4,1
1973m8,3,0.18,14,,2,,3,2,1
1973m9,0,0.19,14,,0,,0,0,0
1973m10,3,0.19,14,,0,,3,0,3
1973m11,1,0.19,14,,0,,1,0,1
1973m12,2,0.19,14,,1,,2,1,1
1974m1,47,0.2,14,,0,,47,0,47
1974m2,0,0.21,14,,0,,0,0,0
1974m3,0,0.21,14,,0,,0,0,0
1974m4,0,0.22,16,,0,,0,0,0
1974m5,2,0.22,16,,0,,2,0,2
1974m6,1,0.22,16,,0,,1,0,1
1974m7,6,0.22,16,,1,,6,1,5
1974m8,0,0.23,16,,0,,0,0,0
1974m9,0,0.23,16.91,,0,,0,0,0
1974m10,0,0.24,17.25,,0,,0,0,0
1974m11,0,0.24,18,,0,,0,0,0
1974m12,1,0.25,15.3,,0,,1,0,1
1975m1,1,0.25,16,,0,,1,0,1
1975m2,1,0.26,16,,0,,1,0,1
1975m3,2,0.26,16,,1,,2,1,1
1975m4,2,0.27,17,,0,,2,0,2
1975m5,0,0.28,18,,0,,0,0,0
1975m6,5,0.28,18,,1,,5,1,4
1975m7,0,0.28,18,,0,,0,0,0
1975m8,1,0.28,20,,0,,1,0,1
1975m9,0,0.28,21,,0,,0,0,0
1975m10,3,0.29,20,,1,,3,1,2
1975m11,2,0.29,18,,2,,2,2,0
1975m12,1,0.29,16,,0,,1,0,1
1976m1,1,0.3,16,,0,,1,0,1
1976m2,3,0.3,16,,0,,3,0,3
1976m3,3,0.31,18,,0,,3,0,3
1976m4,0,0.32,18,,0,,0,0,0
1976m5,8,0.32,19,,0,,8,0,8
1976m6,0,0.33,20,,0,,0,0,0
1976m7,2,0.34,20,,0,,2,0,2
1976m8,0,0.34,19,,0,,0,0,0
1976m9,4,0.35,19,,0,,4,0,4
1976m10,2,0.35,18,,0,,2,0,2
1976m11,1,0.36,18,,0,,1,0,1
1976m12,2,0.36,18,,0,,2,0,2
1977m1,3,0.37,18,,0,,3,0,3
1977m2,10,0.39,18,,0,,10,0,10
1977m3,5,0.4,19,,0,,5,0,5
1977m4,3,0.43,20,,0,,3,0,3
1977m5,1,0.45,20,,0,,1,0,1
1977m6,9,0.46,21,,0,,9,0,9
1977m7,0,0.47,20,,0,,0,0,0
1977m8,5,0.47,22,,1,,5,1,4
1977m9,3,0.47,23,,0,,3,0,3
1977m10,4,0.47,23,,0,,4,0,4
1977m11,6,0.47,22,,2,,6,2,4
1977m12,8,0.47,22.26,,0,,8,0,8
1978m1,3,0.47,22.09,,0,,3,0,3
1978m2,1,0.48,24.42,,0,,1,0,1
1978m3,4,0.5,24.12,,0,,4,0,4
1978m4,3,0.5,24,,0,,3,0,3
1978m5,7,0.52,23.6,,0,,7,0,7
1978m6,1,0.53,24.87,,0,,1,0,1
1978m7,2,0.53,20.35,,0,,2,0,2
1978m8,1,0.53,25.32,,0,,1,0,1
1978m9,1,0.53,20.85,,0,,1,0,1
1978m10,0,0.54,24,,0,,0,0,0
1978m11,0,0.55,26.71,,0,,0,0,0
1978m12,1,0.56,23.05,,0,,1,0,1
1979m1,0,0.57,26.71,,0,,0,0,0
1979m2,0,0.58,26.92,,0,,0,0,0
1979m3,0,0.61,23.39,,0,,0,0,0
1979m4,0,0.62,27.59,,0,,0,0,0
1979m5,4,0.63,26.57,,0,,4,0,4
1979m6,7,0.64,25.77,,0,,7,0,7
1979m7,1,0.65,27.34,,0,,1,0,1
1979m8,3,0.66,26.1,,0,,3,0,3
1979m9,1,0.68,26.78,,0,,1,0,1
1979m10,0,0.69,27,,0,,0,0,0
1979m11,10,0.7,29.21,,0,,10,0,10
1979m12,2,0.72,23.81,,0,,2,0,2
1980m1,10,0.73,35.77,,0,,10,0,10
1980m2,22,0.74,36.57,,0,,22,0,22
1980m3,2,0.76,38.02,,0,,2,0,2
1980m4,3,0.78,38.43,,0,,3,0,3
1980m5,4,0.81,39.34,,0,,4,0,4
1980m6,5,0.82,40.87,,0,,5,0,5
1980m7,3,0.83,41.88,,0,,3,0,3
1980m8,24,0.84,43.12,,5,,24,5,19
1980m9,1,0.85,41.58,,0,,1,0,1
1980m10,0,0.87,41.47,,0,,0,0,0
1980m11,1,0.89,44.01,,0,,1,0,1
1980m12,2,0.9,43.05,,0,,2,0,2
1981m1,13,0.92,44.9,,0,,13,0,13
1981m2,8,0.95,44.8,,0,,8,0,8
1981m3,7,0.97,44.4,,0,,7,0,7
1981m4,5,1,44,,0,,5,0,5
1981m5,3,1.02,45.7,,0,,3,0,3
1981m6,1,1.05,47,,0,,1,0,1
1981m7,8,1.07,47.5,,2,,8,2,6
1981m8,4,1.08,47.5,,0,,4,0,4
1981m9,3,1.09,48.4,,0,,3,0,3
1981m10,14,1.1,48.1,,5,,14,5,9
1981m11,20,1.12,48.4,,0,,20,0,20
1981m12,17,1.14,47.7,,1,,17,1,16
1982m1,144,1.16,48.8,,0,,144,0,144
1982m2,10,1.18,47.5,,0,,10,0,10
1982m3,15,1.21,47,,0,,15,0,15
1982m4,3,1.24,47.2,,0,,3,0,3
1982m5,11,1.28,48.4,,0,,11,0,11
1982m6,6,1.3,47,,0,,6,0,6
1982m7,14,1.32,46.4,,1,,14,1,13
1982m8,19,1.34,46.2,,0,,19,0,19
1982m9,8,1.36,45.5,,2,,8,2,6
1982m10,9,1.38,45.9,,0,,9,0,9
1982m11,16,1.4,45.7,,0,,16,0,16
1982m12,5,1.41,44.7,,0,,5,0,5
1983m1,48,1.43,43.34,,0,,48,0,48
1983m2,15,1.44,42.9,,0,,15,0,15
1983m3,7,1.48,43.04,,0,,7,0,7
1983m4,13,1.52,42.76,,0,,13,0,13
1983m5,24,1.56,42.98,,0,,24,0,24
1983m6,13,1.57,43.49,,0,,13,0,13
1983m7,9,1.58,43.52,,0,,9,0,9
1983m8,7,1.58,43.46,,0,,7,0,7
1983m9,28,1.59,43.71,,0,,28,0,28
1983m10,6,1.62,43.46,,0,,6,0,6
1983m11,10,1.64,43.84,,2,,10,2,8
1983m12,9,1.65,44.12,,0,,9,0,9
1984m1,21,1.67,44.12,,0,,21,0,21
1984m2,11,1.69,40.44,,0,,11,0,11
1984m3,11,1.72,40,,0,,11,0,11
1984m4,24,1.76,40.14,,1,,24,1,23
1984m5,22,1.78,39.86,,0,,22,0,22
1984m6,20,1.81,40.08,,0,,20,0,20
1984m7,23,1.83,40.59,,0,,23,0,23
1984m8,19,1.84,40.62,,0,,19,0,19
1984m9,13,1.86,40.56,,0,,13,0,13
1984m10,28,1.87,40.81,,0,,28,0,28
1984m11,10,1.91,40.56,,0,,10,0,10
1984m12,8,1.95,40.94,,0,,8,0,8
1985m1,30,1.99,41.27,,0,,30,0,30
1985m2,21,2.05,41.43,,0,,21,0,21
1985m3,27,2.11,41.58,,0,,27,0,27
1985m4,19,2.17,41.21,,0,,19,0,19
1985m5,18,2.27,41.91,,0,,18,0,18
1985m6,19,2.31,42.26,,0,,19,0,19
1985m7,28,2.3,42.08,,0,,28,0,28
1985m8,29,2.29,42.02,,1,,29,1,28
1985m9,13,2.31,42.17,,0,,13,0,13
1985m10,48,2.33,42.26,,0,,48,0,48
1985m11,23,2.35,41.86,,0,,23,0,23
1985m12,39,2.38,42.01,,0,,39,0,39
1986m1,23,2.46,43.58,,0,,23,0,23
1986m2,6,2.54,39.96,,0,,6,0,6
1986m3,141,2.59,39.67,,128,,141,128,13
1986m4,22,2.66,39.33,,0,,22,0,22
1986m5,14,2.64,40.09,,0,,14,0,14
1986m6,7,2.63,40.09,,1,,7,1,6
1986m7,9,2.62,40.63,,0,,9,0,9
1986m8,19,2.66,40.74,,1,,19,1,18
1986m9,10,2.7,41.3,,0,,10,0,10
1986m10,15,2.76,41.1,,0,,15,0,15
1986m11,38,2.81,41.62,,25,,38,25,13
1986m12,18,2.88,41.89,,0,,18,0,18
1987m1,22,2.98,41.44,,0,,22,0,22
1987m2,13,3.04,40.99,,0,,13,0,13
1987m3,21,3.12,41.03,,0,,21,0,21
1987m4,15,3.19,40.52,,0,,15,0,15
1987m5,30,3.25,41.02,,0,,30,0,30
1987m6,20,3.28,40.63,,1,,20,1,19
1987m7,16,3.32,40.51,,0,,16,0,16
1987m8,12,3.33,40.7,,0,,12,0,12
1987m9,19,3.37,40.86,,0,,19,0,19
1987m10,21,3.44,41.28,,0,,21,0,21
1987m11,23,3.51,42.01,,0,,23,0,23
1987m12,27,3.58,42.23,,0,,27,0,27
1988m1,32,3.68,42.18,,0,,32,0,32
1988m2,48,3.83,42.16,,0,,48,0,48
1988m3,45,3.94,42.74,,0,,45,0,45
1988m4,33,4.1,43.41,,0,,33,0,33
1988m5,48,4.17,43.62,,0,,48,0,48
1988m6,47,4.27,43.87,,2,,47,2,45
1988m7,22,4.33,44.17,,0,,22,0,22
1988m8,42,4.32,44.15,,0,,42,0,42
1988m9,44,4.35,41.91,,0,,44,0,44
1988m10,50,4.42,41.4,,0,,50,0,50
1988m11,21,4.48,41.64,,0,,21,0,21
1988m12,42,4.58,40.99,,0,,42,0,42
1989m1,61,4.71,41.89,,2,,61,2,59
1989m2,42,4.87,42.34,,0,,42,0,42
1989m3,27,4.99,42.87,,0,,27,0,27
1989m4,49,5.12,43.2,,0,,49,0,49
1989m5,54,5.21,43.18,,0,,54,0,54
1989m6,43,5.28,43.55,,0,,43,0,43
1989m7,49,5.36,43.38,,0,,49,0,49
1989m8,29,5.43,43.46,,0,,29,0,29
1989m9,25,5.51,43.08,,2,,25,2,23
1989m10,28,5.6,42.89,,0,,28,0,28
1989m11,38,5.7,43.38,,0,,38,0,38
1989m12,29,5.78,43.24,,0,,29,0,29
1990m1,90,5.97,43.39,,0,,90,0,90
1990m2,63,6.19,43.3,,0,,63,0,63
1990m3,105,6.37,43.46,,0,,105,0,105
1990m4,57,6.55,44.37,,6,,57,6,51
1990m5,89,6.68,44.41,,1,,89,1,88
1990m6,46,6.81,45.16,,2,,46,2,44
1990m7,60,6.9,46.09,,1,,60,1,59
1990m8,50,7.01,46.37,,0,,50,0,50
1990m9,54,7.18,46.14,,0,,54,0,54
1990m10,55,7.31,46.9,,0,,55,0,55
1990m11,45,7.46,46.45,,1,,45,1,44
1990m12,39,7.65,46.4,,0,,39,0,39
1991m1,111,7.88,47.19,,1,,111,1,110
1991m2,101,8.15,46,,5,,101,5,96
1991m3,159,8.36,45.88,,0,,159,0,159
1991m4,70,8.59,47.3,,1,,70,1,69
1991m5,95,8.78,47.64,,5,,95,5,90
1991m6,65,8.92,46.07,,0,,65,0,65
1991m7,101,9.08,46.28,,0,,101,0,101
1991m8,78,9.2,47.42,,0,,78,0,78
1991m9,58,9.33,48.43,,0,,58,0,58
1991m10,41,9.45,48.4,,0,,41,0,41
1991m11,62,9.57,48.16,,1,,62,1,61
1991m12,62,9.7,46.77,,1,,62,1,61
1992m1,33,10.04,44.91,,0,,33,0,33
1992m2,25,10.38,41.32,,0,,25,0,25
1992m3,28,10.62,41.1,,1,,28,1,27
1992m4,28,10.92,40.3,,0,,28,0,28
1992m5,37,11.18,39.26,,3,,37,3,34
1992m6,19,11.43,34.77,,0,,19,0,19
1992m7,40,11.66,32.85,,0,,40,0,40
1992m8,25,11.74,33.83,,0,,25,0,25
1992m9,27,11.84,34.44,,2,,27,2,25
1992m10,23,11.94,34.9,,1,,23,1,22
1992m11,20,12.03,34.46,,0,,20,0,20
1992m12,15,12.14,35.21,,1,,15,1,14
1993m1,29,12.54,34.52,,2,,29,2,27
1993m2,24,12.94,35.59,,2,,24,2,22
1993m3,30,13.19,35.49,,1,,30,1,29
1993m4,21,13.44,36.22,,0,,21,0,21
1993m5,13,13.66,36.03,,2,,13,2,11
1993m6,23,13.87,36.43,,0,,23,0,23
1993m7,22,14.04,35.48,,0,,22,0,22
1993m8,14,14.22,35.54,,0,,14,0,14
1993m9,10,14.38,35.56,,1,,10,1,9
1993m10,15,14.53,35.6,,1,,15,1,14
1993m11,18,14.72,35.79,,1,,18,1,17
1993m12,28,14.89,37.12,,1,,28,1,27
1994m1,31,15.36,36.11,,0,,31,0,31
1994m2,27,15.92,36.47,,1,,27,1,26
1994m3,24,16.27,37.11,,0,,24,0,24
1994m4,24,16.66,37.87,,0,,24,0,24
1994m5,17,16.92,38.61,,0,,17,0,17
1994m6,30,17.07,39.94,,1,,30,1,29
1994m7,16,17.23,40.85,,0,,16,0,16
1994m8,25,17.4,41.8,,0,,25,0,25
1994m9,27,17.59,42.43,,3,,27,3,24
1994m10,21,17.78,42.89,,1,,21,1,20
1994m11,22,17.98,44.94,,1,,22,1,21
1994m12,28,18.25,46.56,,2,,28,2,26
1995m1,38,18.59,44.05,,0,,38,0,38
1995m2,15,19.24,45.28,,0,,15,0,15
1995m3,22,19.75,45.15,,0,,22,0,22
1995m4,13,20.19,45.72,,1,,13,1,12
1995m5,35,20.52,46.81,,5,,35,5,30
1995m6,23,20.77,43.22,,1,,23,1,22
1995m7,31,20.93,39.08,,1,,31,1,30
1995m8,25,21.07,40.23,,0,,25,0,25
1995m9,23,21.24,40.38,,0,,23,0,23
1995m10,22,21.43,39.14,,3,,22,3,19
1995m11,30,21.6,39.97,,3,,30,3,27
1995m12,21,21.8,44.23,,0,,21,0,21
1996m1,108,22.35,43.08,,1,,108,1,107
1996m2,64,23.25,43.69,,0,,64,0,64
1996m3,93,23.74,44.33,,1,,93,1,92
1996m4,65,24.21,44.62,,0,,65,0,65
1996m5,107,24.58,43.03,,8,,107,8,99
1996m6,70,24.87,43.24,,3,,70,3,67
1996m7,92,25.24,42.53,,2,,92,2,90
1996m8,121,25.52,41.31,,6,,121,6,115
1996m9,74,25.82,40.17,,0,,74,0,74
1996m10,57,26.12,39.4225,,0,,57,0,57
1996m11,68,26.33,39.238,,2,,68,2,66
1996m12,76,26.52,38.73,,2,,76,2,74
1997m1,132,26.96,38.1125,,1,,132,1,131
1997m2,93,27.8,36.41,,4,,93,4,89
1997m3,106,28.23,36.13,,7,,106,7,99
1997m4,93,28.69,34.77,,2,,93,2,91
1997m5,113,29.16,34.33,,9,,113,9,104
1997m6,124,29.51,33.79,,4,,124,4,120
1997m7,111,29.76,33.87,,0,,111,0,111
1997m8,213,30.1,32.23,,5,,213,5,208
1997m9,229,30.48,32.71,,6,,229,6,223
1997m10,190,30.77,32.78,,6,,190,6,184
1997m11,100,31.02,32.26,,3,,100,3,97
1997m12,152,31.21,33.55,,2,,152,2,150
1998m1,196,31.77,32.69,,3,,196,3,193
1998m2,168,32.81,37.26,,8,,168,8,160
1998m3,396,33.67,37.14,,9,,396,9,387
1998m4,185,34.65,40.6,,9,,185,9,176
1998m5,282,35.19,39.68,,16,,282,16,266
1998m6,239,35.62,50.49,,9,,239,9,230
1998m7,177,35.79,46.4,,5,,177,5,172
1998m8,417,35.8,42.08,,8,,417,8,409
1998m9,227,35.9,48.5,,6,,227,6,221
1998m10,246,36.03,48.24,,10,,246,10,236
1998m11,270,36.1,46.84,,7,,270,7,263
1998m12,153,36.42,44.98,,20,,153,20,133
1999m1,236,37.23,41.72,,12,,236,12,224
1999m2,237,37.86,38.02,,23,,237,23,214
1999m3,226,38.22,35.09,,20,,226,20,206
1999m4,266,38.52,32.33,,14,,266,14,252
1999m5,409,38.7,28.86,,28,,409,28,381
1999m6,260,38.81,26.77,,21,,260,21,239
1999m7,310,38.93,27.71,,9,,310,9,301
1999m8,241,39.12,26.69,,16,,241,16,225
1999m9,235,39.25,26.15,,14,,235,14,221
1999m10,258,39.39,24.69,,14,,258,14,244
1999m11,259,39.58,23.37,,26,,259,26,233
1999m12,260,39.79,21.92,,12,,260,12,248
2000m1,336,40.3,18.01,,29,,336,29,307
2000m2,304,41.23,16.76,,22,,304,22,282
2000m3,446,41.93,17.09,,92,,446,92,354
2000m4,322,42.35,16.95,,31,,322,31,291
2000m5,250,42.57,17.26,,22,,250,22,228
2000m6,255,42.56,19.05,,23,,255,23,232
2000m7,212,42.55,19.38,,26,,212,26,186
2000m8,332,42.68,19.16,,47,,332,47,285
2000m9,397,42.86,20.14,,41,,397,41,356
2000m10,259,42.93,20.19,,30,,259,30,229
2000m11,339,43.07,20.65,,37,,339,37,302
2000m12,270,43.27,20.79,,37,,270,37,233
2001m1,321,43.72,21.17,,41,,321,41,280
2001m2,267,44.55,21.5,,44,,267,44,223
2001m3,419,45.21,21.1,,35,,419,35,384
2001m4,311,45.73,21.92,,52,,311,52,259
2001m5,363,45.92,21.63,,38,,363,38,325
2001m6,306,45.94,21.54,,80,,306,80,226
2001m7,276,45.99,20.47,,37,,276,37,239
2001m8,320,46.11,21.45,,53,,320,53,267
2001m9,304,46.28,21.13,,58,,304,58,246
2001m10,351,46.37,20.26,,112,,351,112,239
2001m11,300,46.42,18.13,,60,,300,60,240
2001m12,460,46.58,18.25,,42,,460,42,418
2002m1,292,46.95,17.68,,28,,292,28,264
2002m2,271,47.54,17.59,,24,,271,24,247
2002m3,347,47.87,17.56,,77,,347,77,270
2002m4,391,48.31,16.64,,82,,391,82,309
2002m5,436,48.6,17.08,,94,,436,94,342
2002m6,368,48.81,16.63,,54,,368,54,314
2002m7,316,48.82,16.08,,52,,316,52,264
2002m8,413,48.87,15.13,,17,,413,17,396
2002m9,262,49.04,15.38,,14,,262,14,248
2002m10,305,49.32,15.61,,31,,305,31,274
2002m11,280,49.7,15.6,,46,,280,46,234
2002m12,309,49.83,14.93,,77,,309,77,232
2003m1,320,50.42,14.65,185,38,61,320,61,259
2003m2,234,50.98,15.08,198,24,67,234,67,167
2003m3,249,51.51,15.12,184,27,70,249,70,179
2003m4,277,52.1,14.75,221,59,81,277,81,196
2003m5,227,52.36,15.97,225,25,89,227,89,138
2003m6,236,52.33,14.89912314,189,28,65,236,65,171
2003m7,210,52.26,15.07,222,29,113,222,113,109
2003m8,197,52.42,15.3708731,154,9,71,197,71,126
2003m9,180,52.53,15.24056255,160,15,77,180,77,103
2003m10,183,52.56,15.47,173,23,78,183,78,105
2003m11,142,52.75,15.65175993,106,14,50,142,50,92
2003m12,138,53.07,14.97632273,104,10,41,138,41,97
2004m1,171,53.54,14.75593647,118,15,56,171,56,115
2004m2,141,54.18,15.39,149,22,80,149,80,69
2004m3,161,54.71,15.19,129,8,65,161,65,96
2004m4,176,54.96,15.75,165,16,62,176,62,114
2004m5,176,55.17,15.16,173,35,78,176,78,98
2004m6,123,55.51,14.80695974,120,4,64,123,64,59
2004m7,93,55.49,14.81825096,99,8,60,99,60,39
2004m8,135,55.51,14.90036906,136,9,67,136,67,69
2004m9,119,55.67,15.13,124,11,59,124,59,65
2004m10,91,55.66,15.21,76,10,40,91,40,51
2004m11,97,55.82,14.84,81,6,29,97,29,68
2004m12,96,55.99,15.04,70,3,21,96,21,75
2005m1,101,56.45,14.96159924,75,15,39,101,39,62
2005m2,102,57.02,15.17914352,94,14,49,102,49,53
2005m3,91,57.46,15.05,77,16,41,91,41,50
2005m4,65,57.72,15.170768,74,16,41,74,41,33
2005m5,82,57.95,14.72038015,54,6,35,82,35,47
2005m6,75,58.18,14.49703007,57,8,25,75,25,50
2005m7,76,58.21,15.05537894,85,12,50,85,50,35
2005m8,90,58.21,14.72248176,67,33,39,90,39,51
2005m9,71,58.46,14.60510717,75,7,33,75,33,42
2005m10,55,58.6,13.66804682,53,5,25,55,25,30
2005m11,98,58.66,13.80122439,53,6,29,98,29,69
2005m12,63,58.7,13.28865215,36,7,18,63,18,45
2006m1,68,59.02,13.35787589,55,9,30,68,30,38
2006m2,111,59.41,13.5501581,64,48,35,111,48,63
2006m3,56,59.83,13.55698311,56,6,27,56,27,29
2006m4,55,60.09,12.93674339,58,12,37,58,37,21
2006m5,54,60.29,12.34815994,63,3,37,63,37,26
2006m6,58,60.48,12.08983827,58,3,36,58,36,22
2006m7,57,60.73,12.29567246,45,6,29,57,29,28
2006m8,70,60.96,12.83853313,77,9,35,77,35,42
2006m9,44,61.14,13.12495461,76,11,58,76,58,18
2006m10,44,61.05,12.69123812,55,5,30,55,30,25
2006m11,36,61.19,12.88469739,48,3,26,48,26,22
2006m12,47,61.33,13.03949972,32,1,16,47,16,31
2007m1,60,61.8,12.92530196,47,0,26,60,26,34
2007m2,38,62.53,13.400778,40,8,15,40,15,25
2007m3,59,63.29,13.92195085,46,6,16,59,16,43
2007m4,40,63.85,14.52276694,36,0,17,40,17,23
2007m5,39,64.05,14.82516354,56,8,40,56,40,16
2007m6,55,64.12,15.33424051,57,10,35,57,35,22
2007m7,51,64.23,16.16845915,76,11,53,76,53,23
2007m8,53,64.14,16.42382723,49,8,24,53,24,29
2007m9,27,64.2,16.84406276,31,4,17,31,17,14
2007m10,41,64.2,16.7906914,41,0,24,41,24,17
2007m11,50,64.51,16.81949954,27,9,16,50,16,34
2007m12,31,64.82,16.60952208,15,0,7,31,7,24
2008m1,70,65.51,16.62265863,56,10,29,70,29,41
2008m2,43,66.5,16.60179394,44,7,28,44,28,16
2008m3,67,67.04,16.93257697,55,28,42,67,42,25
2008m4,24,67.51,17.61089101,32,3,21,32,21,11
2008m5,36,68.14,17.16563811,34,3,21,36,21,15
2008m6,38,68.73,17.11279662,39,8,18,39,18,21
2008m7,62,69.06,17.08716799,39,14,17,62,17,45
2008m8,36,69.19,17.29,26,2,8,36,8,28
2008m9,51,69.06,17.37261832,41,13,25,51,25,26
2008m10,31,69.3,17.11241063,13,2,3,31,3,28
2008m11,35,69.49,17.82,19,4,5,35,5,30
2008m12,29,69.8,17.72,39,14,22,39,22,17
2009m1,28,70.21,17.2519907,12,1,3,28,3,25
2009m2,40,70.8,16.6269148,34,9,10,40,10,30
2009m3,26,71.15,15.77743011,22,2,5,26,5,21
2009m4,32,71.38,14.5332489,21,3,5,32,5,27
2009m5,20,71.39,13.16248522,6,2,3,20,3,17
2009m6,27,71.35,12.39047362,9,0,1,27,1,26
2009m7,16,71.32,11.92991825,15,1,2,16,2,14
2009m8,31,71.35,11.59093637,22,0,5,31,5,26
2009m9,16,71.28,11.49193921,17,1,5,17,5,12
2009m10,33,71.19,11.08807954,22,1,6,33,6,27
2009m11,19,71.14,10.29746819,18,2,5,19,5,14
2009m12,20,71.2,9.917597589,15,2,3,20,3,17
2010m1,23,71.69,9.905455876,21,1,5,23,5,18
2010m2,24,72.28,9.937614013,17,0,3,24,3,21
2010m3,56,72.46,9.821836917,32,8,12,56,12,44
2010m4,25,72.79,9.863588303,23,2,5,25,5,20
2010m5,27,72.87,9.337585678,15,0,2,27,2,25
2010m6,34,72.95,9.26441448,23,2,6,34,6,28
2010m7,27,72.92,9.375042355,23,5,9,27,9,18
2010m8,28,73,9.225414199,33,4,10,33,10,23
2010m9,25,72.9,9.181299022,24,2,9,25,9,16
2010m10,53,72.84,9.191372441,19,1,4,53,4,49
2010m11,30,72.98,8.784103469,34,9,15,34,15,19
2010m12,28,73.45,8.690209325,18,0,10,28,10,18
2011m1,25,74.12,10.02337727,27,0,10,27,10,17
2011m2,25,74.57,10.25611713,17,2,9,25,9,16
2011m3,49,74.77,10.64341577,29,3,9,49,9,40
2011m4,29,74.86,10.72591287,22,3,6,29,6,23
2011m5,67,75.07,10.96096812,46,3,20,67,20,47
2011m6,37,75.31,11.3004703,34,0,5,37,5,32
2011m7,36,75.42,11.38777474,33,3,13,36,13,23
2011m8,46,75.39,11.76989567,30,8,9,46,9,37
2011m9,34,75.62,11.86412056,16,1,4,34,4,30
2011m10,42,75.77,12.02125633,13,0,2,42,2,40
2011m11,36,75.87,12.04103568,26,2,8,36,8,28
2011m12,30,76.19,12.06291122,12,9,2,30,9,21
2012m1,59,76.75,12.84160315,23,0,11,59,11,48
2012m2,55,77.22,12.92925119,44,1,24,55,24,31
2012m3,73,77.31,13.14734893,30,0,18,73,18,55
2012m4,42,77.42,12.92240811,27,1,8,42,8,34
2012m5,49,77.66,12.98114428,21,0,11,49,11,38
2012m6,82,77.72,12.60003031,34,12,11,82,12,70
2012m7,45,77.7,12.46701772,17,4,7,45,7,38
2012m8,72,77.73,13.04380058,25,1,6,72,6,66
2012m9,52,77.96,12.29,16,1,8,52,8,44
2012m10,38,78.08,12.44517929,25,1,12,38,12,26
2012m11,37,77.98,11.806,20,5,7,37,7,30
2012m12,38,78.05,11.515,23,2,6,38,6,32
2013m1,37,78.28,12.34,34,2,14,37,14,23
2013m2,40,78.63,11.4425,21,2,7,40,7,33
2013m3,30,78.79,11.348,31,4,16,31,16,15
2013m4,27,78.99,10.7075,23,0,3,27,3,24
2013m5,16,79.21,10.424,32,1,17,32,17,15
2013m6,13,79.39,10.155,18,2,12,18,12,6
2013m7,17,79.43,10.78,24,0,12,24,12,12
2013m8,17,79.5,10.744,24,0,13,24,13,11
2013m9,28,79.73,10.9775,26,7,13,28,13,15
2013m10,13,79.52,10.6975,26,6,12,26,12,14
2013m11,14,79.35,10.788,18,0,9,18,9,9
2013m12,12,79.56,9.8325,22,3,8,22,8,14
2014m1,8,79.95,10.86,27,3,9,27,9,18
2014m2,13,80.45,10.4825,30,6,8,30,8,22
2014m3,20,80.77,10.39,35,7,18,35,18,17
2014m4,4,81.14,10.3175,18,1,7,18,7,11
2014m5,7,81.53,10.382,28,6,18,28,18,10
2014m6,9,81.61,10.2675,29,7,17,29,17,12
2014m7,10,81.73,11.085,31,1,16,31,16,15
2014m8,13,81.9,11.152,20,0,8,20,8,12
2014m9,1,82.01,11.1175,19,0,3,19,3,16
2014m10,3,82.14,10.98,15,0,7,15,7,8
2014m11,7,82.25,10.92,23,1,7,23,7,16
2014m12,5,82.47,10.5425,13,0,3,13,3,10
2015m1,18,83,11.188,28,0,19,28,19,9
2015m2,16,83.96,11.005,19,0,5,19,5,14
2015m3,4,84.45,11.27,21,0,8,21,8,13
2015m4,2,84.9,10.7875,10,0,2,10,2,8
2015m5,6,85.12,11.402,19,2,7,19,7,12
2015m6,15,85.21,10.8725,20,0,8,20,8,12
2015m7,110,85.37,11.568,19,0,10,110,10,100
2015m8,2,85.78,11.0325,21,0,8,21,8,13
2015m9,4,86.39,11.105,29,0,15,29,15,14
2015m10,13,86.98,11.464,11,1,3,13,3,10
2015m11,4,87.51,12.06,10,0,5,10,5,5
2015m12,3,88.05,12.255,6,1,0,6,1,5
2016m1,35,89.19,12.734,18,1,4,35,4,31
2016m2,4,90.33,13.255,20,0,15,20,15,5
2016m3,5,91.18,14.085,22,1,11,22,11,11
2016m4,6,91.63,14.434,33,2,17,33,17,16
2016m5,15,92.1,14.7325,15,1,7,15,7,8
2016m6,13,92.54,14.725,8,9,1,13,9,4
2016m7,13,93.02,15.066,18,0,12,18,12,6
2016m8,17,92.73,15.0675,24,7,12,24,12,12
2016m9,3,92.68,15.276,8,1,2,8,2,6
2016m10,1,92.62,15.3275,14,0,9,14,9,5
2016m11,4,92.73,15.5225,13,2,5,13,5,8
2016m12,3,93.11,14.678,14,3,6,14,6,8
2017m1,22,94.07,15.1125,13,20,5,22,20,2
2017m2,8,95.01,14.865,13,5,6,13,6,7
2017m3,13,95.46,15.082,28,10,17,28,17,11
2017m4,20,95.91,14.3875,16,8,9,20,9,11
2017m5,6,96.12,14.1975,25,1,11,25,11,14
2017m6,15,96.23,13.468,11,12,5,15,12,3
2017m7,19,96.18,13.57,21,8,9,21,9,12
2017m8,10,96.32,13.2275,14,6,4,14,6,8
2017m9,9,96.36,12.768,13,3,8,13,8,5
2017m10,4,96.37,12.9725,16,2,4,16,4,12
2017m11,16,96.55,12.775,9,13,1,16,13,3
2017m12,10,96.92,11.952,16,3,6,16,6,10
2018m1,11,97.53,12.28,13,9,9,13,9,4
2018m2,12,98.22,12.13,8,6,3,12,6,6
2018m3,4,98.45,11.876,12,3,7,12,7,5
2018m4,9,98.91,12.1775,25,6,11,25,11,14
2018m5,5,99.16,12.43,9,2,2,9,2,7
2018m6,14,99.31,12.288,15,12,2,15,12,3
2018m7,15,99.18,12.2475,14,8,6,15,8,7
2018m8,12,99.3,12.458,22,12,13,22,13,9
2018m9,7,99.47,12.2325,17,2,5,17,5,12
2018m10,7,99.59,11.7825,10,7,1,10,7,3
2018m11,2,99.7,12.126,12,1,3,12,3,9
2018m12,9,100,11.165,19,7,5,19,7,12
2019m1,9,100.6,12.7175,17,5,7,17,7,10
2019m2,10,101.18,12.125,5,6,2,10,6,4
2019m3,4,101.62,12.134,19,3,5,19,5,14
2019m4,1,102.12,11.9525,11,1,4,11,4,7
2019m5,0,102.44,12.278,9,0,1,9,1,8
2019m6,5,102.71,11.5025,10,5,4,10,5,5
2019m7,3,102.94,12.3675,13,1,4,13,4,9
2019m8,15,103.03,11.702,15,1,6,15,6,9
2019m9,9,103.26,11.545,10,3,5,10,5,5
2019m10,8,103.43,11.5225,15,7,8,15,8,7
2019m11,5,103.54,11.416,16,5,2,16,5,11
2019m12,0,103.8,10.5975,23,0,8,23,8,15
2020m1,3,104.24,11.704,10,1,6,10,6,4
2020m2,9,104.94,11.2725,13,9,6,13,9,4
2020m3,4,105.53,10.4,17,1,5,17,5,12
2020m4,0,105.7,9.2975,3,0,1,3,1,2
2020m5,4,105.36,9.868,7,4,2,7,4,3
2020m6,1,104.97,10.015,19,1,10,19,10,9
2020m7,4,104.97,9.96,13,4,4,13,4,9
2020m8,7,104.96,9.6,24,7,13,24,13,11
2020m9,4,105.29,9.2725,16,2,8,16,8,8
2020m10,2,105.23,9.436,10,2,5,10,5,5
2020m11,7,105.08,9.1175,21,7,14,21,14,7
2020m12,2,105.48,8.4925,9,0,8,9,8,1
2021m1,6,105.91,9.072,11,6,1,11,6,5
2021m2,14,106.58,9.1025,10,8,4,14,8,6
2021m3,6,107.12,9.135,7,5,4,7,5,2
2021m4,9,107.76,8.604,13,8,5,13,8,5
2021m5,5,108.84,8.1475,19,5,13,19,13,6
2021m6,5,108.78,8.8025,27,2,13,27,13,14
2021m7,5,109.14,9.298,11,0,5,11,5,6
2021m8,0,109.62,9.44,25,0,8,25,8,17
2021m9,7,110.04,9.54,9,2,1,9,2,7
2021m10,4,110.06,9.766,11,0,1,11,1,10
2021m11,14,110.6,10.5625,7,5,3,14,5,9
2021m12,6,111.41,9.886,10,2,3,10,3,7
2022m1,8,113.26,11.7125,15,6,3,15,6,9
2022m2,13,115.11,11.495,12,11,4,13,11,2
2022m3,0,116.26,12.3075,7,0,3,7,3,4
2022m4,24,117.71,12.796,8,15,0,24,15,9
2022m5,28,118.7,14.02,13,26,4,28,26,2
2022m6,11,119.31,14.335,22,6,2,22,6,16
2022m7,32,120.27,15.734,22,25,15,32,25,7
2022m8,28,121.5,17.8125,26,11,10,28,11,17
2022m9,11,122.63,17.814,17,8,9,17,9,8
2022m10,12,123.51,19.62,24,3,11,24,11,13
2022m11,25,124.46,20.315,28,18,12,28,18,10
2022m12,12,126.03,20.476,29,8,9,29,9,20
2023m1,8,128.27,22.87,37,3,6,37,6,31
2023m2,16,130.4,22.73,22,13,10,22,13,9
2023m3,14,131.77,22.19,35,9,9,35,9,26
2023m4,8,132.8,21.24,19,7,7,19,7,12
2023m5,33,133.38,20.9275,33,8,8,33,8,25
2023m6,25,133.78,20.298,24,20,11,25,20,5
2023m7,11,134.45,20.905,28,5,12,28,12,16
2023m8,23,135.39,21.205,28,8,13,28,13,15
2023m9,15,136.11,20.128,19,1,5,19,5,14
2023m10,30,136.45,20.3,43,27,22,43,27,16
2023m11,5,137.09,20.5225,26,2,6,26,6,20
2023m12,13,137.72,19.214,24,1,8,24,8,16
2024m1,14,138.98,18.98,25,0,11,25,11,14
2024m2,11,140.49,17.8275,22,5,11,22,11,11
2024m3,5,141.48,17.354,22,3,8,22,8,14
2024m4,15,142.32,17.2375,22,2,10,22,10,12
2024m5,1,142.92,17.094,20,0,6,20,6,14
2024m6,14,143.38,16.3375,18,9,8,18,9,9
2024m7,31,143.67,16.3925,31,22,7,31,22,9
2024m8,14,143.67,15.916,25,10,6,25,10,15
2024m9,19,144.02,15.725,18,8,8,19,8,11
2024m10,9,143.83,15.52,39,4,14,39,14,25
2024m11,17,144.22,14.694,41,1,10,41,10,31
2024m12,14,144.88,13.9025,30,5,5,30,5,25
2025m1,56,146.24,14.938,22,53,6,56,53,3
2025m2,12,147.9,14.39,28,7,6,28,7,21
2025m3,24,148.68,14.3825,69,8,17,69,17,52
2025m4,16,149.66,14.885,33,1,8,33,8,25
2025m5,12,150.14,14.386,39,2,9,39,9,30
2025m6,8,150.3,14.0475,107,7,22,107,22,85
2025m7,16,150.71,14.3725,41,4,8,41,8,33
2025m8,9,150.99,14.21,86,7,48,86,48,38
2025m9,,151.48,13.77,116,0,8,116,8,108
2025m10,,151.76,14.31,29,0,6,29,6,23
2025m11,,151.87,14.245,47,0,13,47,13,34
2025m12,,,,34,,23,34,23,11